Student_ID,Age,Gender,Department,Semester,CGPA,Academic_Score,Attendance_Percentage,Communication_Skill,Programming_Skill,Problem_Solving,Aptitude_Score,Logical_Reasoning,Technical_Test_Score,Coding_Assessment,Industry_Skill,Internship_Count,Internship_Performance,Projects_Completed,Mini_Projects,Major_Project_Score,Certifications,Hackathon_Participation,Workshops_Attended,Technical_Events,Soft_Skill_Rating,Resume_Score,Interview_Score,Skill_Gap,Employability_Percentage,Placement_Package_LPA,Employment_Status
S945,21,Male,EEE,5,,81,73,97,92,78,79,90,47,51,58,3,68,2,6,64,1,7,5,3,86,65,51,23,73.55,4.89,Employed
S553,23,Female,EEE,5,5.78,68,87,81,38,51,46,54,93,49,50,4,85,5,2,72,4,7,6,8,100,45,99,18,71.25,3.37,Employed
S528,22,Male,Mechanical,3,7.15,87,81,49,66,96,53,56,47,77,44,3,97,8,2,98,4,5,4,7,61,90,92,43,67.85,4.4,Not Employed
S038,24,Female,ECE,6,9.41,89,75,76,84,64,94,89,87,40,75,3,85,7,4,92,10,2,7,0,48,72,77,14,88.45,16.7,Employed
S801,19,Male,AI&DS,4,7.44,55,66,81,56,43,62,98,50,97,35,2,76,2,4,56,1,8,6,3,74,63,77,20,60.3,0.0,Not Employed
S682,21,Male,Mechanical,5,9.97,66,61,42,36,38,89,82,38,38,45,2,50,2,1,94,3,7,12,1,68,90,82,21,60.1,0.0,Not Employed
S905,24,Male,ECE,3,9.19,53,91,52,93,93,87,85,40,84,36,4,90,6,3,84,1,8,6,7,56,64,66,17,65.9,3.08,Not Employed
S256,21,Male,Mechanical,6,7.69,85,88,87,59,52,42,52,38,65,97,3,44,5,4,84,7,0,0,5,43,61,40,12,77.65,6.22,Employed
S221,21,Male,CSE,7,7.84,88,99,95,64,88,55,76,54,89,74,4,61,8,5,58,3,2,9,8,83,91,60,14,84.35,7.59,Employed
S896,21,Female,CSE,1,5.93,60,68,61,36,38,91,69,62,94,46,1,88,1,6,78,2,2,1,1,53,74,83,14,62.65,0.0,Not Employed
S212,22,Female,IT,6,7.98,65,83,66,90,76,78,55,62,83,67,2,68,8,4,50,0,4,9,0,73,48,73,2,77.0,5.02,Employed
S273,23,Female,ECE,5,9.86,93,96,82,53,91,61,84,49,96,40,1,83,2,3,51,6,3,7,5,45,60,42,53,57.8,0.0,Not Employed
S340,20,Male,Mechanical,2,5.63,72,61,77,77,67,,46,95,65,78,0,92,6,5,100,3,1,12,9,79,68,47,6,74.25,4.25,Employed
S422,21,Female,EEE,6,7.18,88,86,72,92,68,96,96,40,42,66,4,40,3,1,68,6,2,9,6,94,44,63,22,80.2,6.16,Employed
S394,18,Female,ECE,7,6.27,52,81,98,66,50,58,59,96,72,68,1,40,7,2,69,10,8,0,7,97,79,97,16,79.9,5.17,Employed
S704,21,Female,CSE,1,6.03,93,84,72,60,44,45,82,59,77,38,0,100,2,4,83,0,4,1,4,80,78,44,55,53.0,0.0,Not Employed
S403,23,Male,IT,1,9.8,48,72,87,85,98,83,74,100,44,56,3,88,7,5,99,6,6,9,4,53,51,35,8,71.6,3.32,Employed
S913,21,Male,IT,4,7.07,71,65,71,87,56,50,100,75,47,51,3,82,3,4,78,0,8,6,6,85,91,84,20,70.5,4.87,Employed
S208,20,Male,CSE,3,7.52,97,76,74,81,93,40,89,99,83,58,0,79,6,5,65,5,1,10,8,92,64,59,39,71.0,4.05,Employed
S687,22,Female,,4,7.82,69,72,73,43,86,57,55,54,43,53,3,79,5,6,60,8,4,6,4,50,41,66,16,65.5,4.76,Not Employed
S930,20,Female,AI&DS,1,8.99,73,78,92,44,73,72,94,76,93,58,3,43,3,5,61,5,4,12,6,83,73,86,15,77.35,7.94,Employed
S041,19,Male,CSE,7,8.29,60,91,98,53,64,69,80,67,93,67,0,97,8,3,93,8,2,1,7,100,62,73,7,77.4,6.92,Employed
S640,19,Female,EEE,5,7.58,74,71,85,49,66,50,80,40,43,83,1,40,5,4,83,7,6,8,8,86,65,94,9,76.6,7.89,Employed
S031,24,Female,CSE,4,6.03,93,86,78,63,83,68,98,91,73,89,2,76,1,5,97,1,3,10,3,56,82,45,4,80.1,5.47,Employed
S592,18,Male,CSE,3,7.18,54,96,91,65,46,95,44,36,36,78,4,44,3,5,90,7,5,12,10,46,79,50,24,72.55,3.11,Employed
S872,24,Female,AI&DS,3,8.35,74,91,50,89,69,74,81,66,79,76,2,75,6,2,61,9,4,2,10,93,62,52,2,81.6,7.14,Employed
S943,23,Male,EEE,4,8.9,60,72,96,55,72,94,55,85,55,89,1,40,1,3,86,8,3,1,2,93,90,69,29,77.55,7.26,Employed
S853,23,Female,EEE,3,9.41,79,86,74,98,86,59,97,36,48,49,4,60,5,5,84,0,6,4,4,88,48,35,30,65.7,3.09,Not Employed
S416,19,Female,AI&DS,5,9.88,78,84,100,51,62,65,79,42,63,85,1,92,2,6,79,7,5,10,10,65,92,83,7,80.2,5.49,Employed
S030,20,Male,CSE,5,8.64,53,100,95,97,48,95,40,71,95,96,3,61,3,1,66,7,1,1,6,71,44,41,43,77.55,5.46,Employed
S977,22,Female,AI&DS,4,9.52,69,99,77,54,66,53,60,96,86,100,3,85,8,4,89,2,5,12,6,40,59,50,31,74.55,3.49,Employed
S082,23,Female,IT,8,7.07,95,77,58,50,83,97,65,79,53,72,0,58,2,3,78,10,4,11,7,53,52,69,23,74.05,4.87,Employed
S268,22,Male,Mechanical,8,8.82,93,97,95,61,63,60,62,69,99,89,2,43,2,3,72,7,7,8,8,93,47,95,4,89.6,15.1,Employed
S447,21,Female,CSE,1,8.41,52,74,47,41,39,76,57,65,43,47,2,54,7,4,75,1,3,11,4,71,53,56,5,59.4,0.0,Not Employed
S934,21,Female,Mechanical,6,7.05,,87,94,44,38,55,93,68,53,58,3,53,7,6,58,7,3,2,0,85,51,57,3,71.35,4.89,Employed
S239,24,Female,CSE,8,6.9,86,89,70,64,63,49,95,68,81,85,1,84,6,,79,7,0,1,7,47,62,96,1,82.8,6.38,Employed
S962,18,Male,EEE,5,7.01,89,89,81,84,37,58,55,81,87,89,0,61,1,2,95,3,7,4,6,77,72,66,0,82.35,5.63,Employed
S652,24,Male,ECE,4,8.6,47,85,94,78,55,84,70,92,80,100,2,58,7,4,65,4,5,3,3,69,49,54,53,72.8,3.07,Employed
S639,24,Female,EEE,6,8.75,54,94,99,58,66,90,40,76,56,69,4,92,1,5,82,0,6,2,2,43,70,54,15,70.45,4.69,Employed
S531,24,Female,AI&DS,8,9.54,45,64,61,63,74,53,54,54,70,50,1,62,8,4,86,10,0,11,8,97,54,60,5,65.95,3.73,Not Employed
S317,24,Female,ECE,3,8.3,63,65,82,96,51,51,52,55,97,47,3,100,8,3,65,3,8,0,0,62,96,68,16,74.0,3.71,Employed
S656,18,Female,EEE,4,6.45,66,92,57,85,60,67,89,40,93,72,4,88,8,1,68,5,0,6,9,80,90,43,6,79.25,6.42,Employed
S568,19,Female,CSE,1,8.7,67,97,47,44,43,73,66,55,59,66,4,89,3,2,51,10,7,11,1,61,45,47,1,71.0,4.89,Employed
S738,19,Female,CSE,6,9.92,54,98,58,83,51,41,93,59,81,79,3,93,2,6,97,10,0,12,3,85,82,79,25,73.55,3.26,Employed
S342,22,Female,AI&DS,1,7.54,74,87,96,47,78,81,100,38,93,77,4,52,2,1,50,9,1,9,3,97,76,51,3,83.8,6.91,Employed
S583,21,Female,Mechanical,4,9.94,53,100,62,61,86,66,96,88,93,92,3,100,7,4,73,5,5,10,6,48,86,61,39,72.45,3.49,Employed
S341,22,Male,CSE,1,9.63,69,80,96,43,51,43,98,,42,73,4,80,7,1,56,10,0,8,0,58,94,83,4,82.85,6.21,Employed
S858,21,Female,AI&DS,4,6.3,80,73,96,99,84,83,90,61,62,96,3,97,2,5,71,10,1,10,8,98,91,86,16,94.5,9.77,Employed
S193,24,Female,AI&DS,2,6.04,50,91,79,35,40,94,70,82,75,98,4,95,5,4,61,8,4,6,3,88,76,51,48,74.45,3.11,Employed
S663,24,Male,EEE,2,8.17,75,91,75,78,50,79,91,39,75,66,2,74,7,3,52,1,0,4,10,48,84,68,9,75.7,7.45,Employed
S921,23,Male,CSE,4,9.81,66,74,61,56,50,41,70,56,91,35,3,48,8,5,98,0,3,7,1,100,66,48,31,58.75,0.0,Not Employed
S955,22,Female,AI&DS,8,6.28,62,87,45,91,89,82,49,63,49,61,1,90,7,1,50,10,4,4,1,67,59,52,1,73.3,4.88,Employed
S414,23,Male,ECE,1,8.63,72,83,43,48,44,70,93,55,38,53,2,49,2,2,54,0,,2,2,70,87,52,19,59.0,0.0,Not Employed
S351,20,Male,IT,4,5.94,49,83,42,60,77,52,83,77,67,73,2,52,3,6,97,8,4,0,4,58,92,79,24,66.1,4.57,Not Employed
S866,22,Male,IT,5,7.11,51,74,40,59,40,61,70,74,65,95,2,93,2,5,72,6,3,0,2,99,68,82,44,66.9,4.83,Not Employed
S255,24,Male,EEE,4,5.51,89,90,47,80,77,83,59,86,42,46,2,74,6,1,79,4,3,2,8,42,64,59,43,65.0,3.6,Not Employed
S119,23,Female,CSE,7,8.62,75,64,54,84,46,86,91,48,48,75,2,96,5,2,74,2,2,1,8,76,40,56,0,75.1,6.32,Employed
S022,19,Female,Mechanical,3,8.68,49,86,66,77,94,66,43,61,88,84,4,100,1,5,74,7,0,5,4,88,64,88,35,74.35,4.08,Employed
S533,19,Male,AI&DS,5,5.77,59,75,77,96,94,46,74,41,75,44,1,70,2,4,55,7,3,1,8,77,53,97,15,67.5,3.6,Not Employed
S644,23,Female,CSE,1,7.79,85,93,63,38,92,65,61,,79,76,2,63,1,5,87,1,7,12,7,67,88,100,9,77.35,5.11,Employed
S590,21,Female,CSE,5,8.87,93,89,82,45,77,75,42,51,36,37,2,64,,4,74,6,0,11,10,57,84,83,56,62.7,0.0,Not Employed
S810,22,Female,IT,3,5.96,77,92,80,40,98,100,78,47,87,53,1,86,5,6,55,10,6,4,3,52,75,78,24,73.05,4.61,Employed
S864,23,Female,ECE,5,5.84,77,72,91,99,73,47,66,94,66,71,3,73,6,2,75,9,8,12,8,46,64,72,6,84.8,7.33,Employed
S807,24,Male,IT,4,9.29,92,94,92,70,43,79,64,85,55,54,4,45,4,1,76,7,0,8,0,63,65,82,38,78.8,7.91,Employed
S678,23,Female,AI&DS,3,5.64,91,73,63,73,90,49,84,43,55,95,3,40,3,3,52,8,2,10,6,46,45,55,4,79.85,5.64,Employed
S482,21,Female,Mechanical,7,6.8,75,68,86,58,100,45,49,35,82,93,3,60,8,2,82,9,4,12,1,54,59,98,18,83.2,6.02,Employed
S404,19,Male,EEE,8,7.77,91,93,56,73,63,58,85,69,50,56,1,42,4,3,52,10,2,4,2,57,95,41,35,67.25,4.28,Not Employed
S731,18,Female,Mechanical,8,8.82,76,74,50,85,72,55,100,37,77,68,2,76,8,5,95,1,2,7,9,92,94,91,8,77.8,5.01,Employed
S680,22,Female,CSE,2,9.08,53,63,54,49,96,65,98,52,41,58,4,96,4,2,65,0,8,9,8,96,44,65,5,64.15,0.0,Not Employed
S298,21,Female,IT,2,9.71,93,75,59,61,55,98,68,75,87,39,2,95,2,4,80,6,5,11,6,96,98,47,54,66.9,4.65,Not Employed
S869,19,Male,ECE,8,6.73,66,87,75,86,82,50,59,39,83,53,1,47,6,3,89,9,6,7,2,60,99,89,13,74.25,4.54,Employed
S973,22,Female,CSE,2,6.3,92,78,91,53,73,50,82,82,62,87,4,41,2,2,64,7,5,3,0,51,75,69,5,85.1,13.7,Employed
S108,21,Female,Mechanical,3,7.05,46,90,46,72,88,98,45,49,53,79,2,61,8,2,83,7,5,7,1,68,,92,33,72.5,3.64,Employed
S372,20,Male,Mechanical,7,8.65,45,70,92,97,35,46,44,88,88,71,3,50,3,3,61,2,3,7,2,72,100,49,26,70.8,3.9,Employed
S831,20,Male,ECE,4,5.67,92,84,57,89,,69,68,45,49,80,1,76,7,2,70,3,0,11,5,77,69,36,12,75.6,5.54,Employed
S290,18,Female,AI&DS,1,7.92,47,89,82,89,100,97,66,69,37,95,4,41,6,4,86,6,5,9,1,91,71,47,48,75.7,7.07,Employed
S911,22,Male,EEE,3,7.56,46,65,86,57,60,97,48,89,43,79,0,48,1,6,66,8,5,0,7,87,67,90,33,70.2,4.5,Employed
S589,18,Male,Mechanical,6,6.82,95,65,62,98,37,79,97,88,56,81,2,52,5,5,51,7,5,2,0,81,55,74,14,86.7,10.63,Employed
S935,19,Female,CSE,2,8.93,98,89,93,82,97,67,78,50,97,48,3,50,1,3,60,9,8,5,1,58,57,86,50,74.6,4.15,Employed
S948,21,Female,EEE,8,8.37,61,89,78,51,82,84,87,67,51,54,0,72,4,6,66,10,5,11,8,90,47,58,7,68.45,4.47,Not Employed
S547,21,Female,AI&DS,2,8.43,96,84,96,95,37,100,57,76,40,53,1,51,1,2,83,2,2,11,7,88,42,42,43,69.8,4.19,Not Employed
S367,21,Female,IT,3,8.75,60,87,51,66,73,58,76,92,60,69,3,45,6,4,74,2,7,7,6,72,79,90,9,74.15,4.52,Employed
S370,20,Male,Mechanical,7,9.67,92,75,55,96,39,98,92,81,38,53,2,78,8,6,59,4,3,9,9,100,82,55,39,75.65,5.04,Employed
S102,22,Female,AI&DS,2,5.87,54,84,85,54,84,60,63,48,46,35,2,68,6,3,56,2,1,2,6,68,75,100,19,62.75,0.0,Not Employed
S147,19,Male,ECE,1,9.63,90,72,57,82,94,72,65,50,38,65,2,71,8,2,80,9,8,5,5,50,93,68,25,76.95,7.25,Employed
S260,19,Female,EEE,8,7.35,56,99,84,39,58,85,71,46,73,79,3,40,4,2,57,8,1,9,5,95,88,99,23,78.7,5.66,Employed
S508,23,Female,Mechanical,3,5.67,98,97,64,54,61,84,67,79,71,61,2,84,5,1,82,3,4,3,7,56,42,49,37,68.9,4.03,Not Employed
S732,22,Male,ECE,2,6.23,66,75,82,94,98,86,47,62,97,76,1,77,4,2,59,0,1,2,5,65,86,41,10,75.7,6.64,Employed
S137,23,Female,AI&DS,3,8.78,89,96,65,39,58,78,60,63,48,98,1,61,2,2,72,5,2,10,1,92,85,77,9,80.9,6.34,Employed
S127,20,Female,Mechanical,4,7.59,82,91,89,60,66,49,40,87,38,64,4,62,1,3,50,10,6,11,4,46,53,65,18,74.6,3.84,Employed
S968,20,Female,AI&DS,1,7.16,83,93,50,69,64,75,98,100,70,66,0,84,3,6,93,1,7,11,8,47,66,95,17,71.45,4.0,Employed
S847,23,Male,ECE,2,6.28,54,91,100,84,67,55,54,93,58,55,0,63,5,2,,1,6,2,6,83,60,68,1,70.0,4.18,Employed
S843,24,Male,CSE,8,8.73,55,68,58,41,82,43,68,87,68,94,0,93,8,6,90,7,5,4,6,46,79,58,39,63.5,0.0,Not Employed
S999,23,Female,Mechanical,8,8.13,65,89,47,45,85,67,87,73,86,62,3,61,7,1,85,3,3,5,9,71,56,93,3,73.8,3.79,Employed
S940,23,Female,AI&DS,8,9.38,80,79,62,61,97,56,79,82,37,92,0,72,7,3,50,6,7,5,6,94,95,37,12,75.5,5.51,Employed
S650,24,Male,CSE,2,5.87,92,60,49,89,98,97,45,54,41,35,3,51,1,2,68,5,5,10,9,45,42,56,57,59.7,0.0,Not Employed
S733,19,Male,CSE,5,8.92,76,98,91,94,99,72,95,91,79,61,2,82,6,2,65,10,8,6,0,91,93,40,15,82.8,5.61,Employed
S122,24,Female,IT,3,8.93,94,64,41,43,36,56,53,40,42,85,4,58,7,4,94,6,1,10,8,74,79,54,9,77.65,5.83,Employed
S188,22,Male,AI&DS,7,9.84,45,65,92,53,95,99,78,90,46,43,2,54,6,1,88,0,6,6,9,81,73,71,2,69.2,4.42,Not Employed
S993,21,Male,IT,1,6.08,78,65,81,89,69,93,40,50,36,62,4,42,2,2,53,3,0,2,5,48,41,68,16,75.15,6.02,Employed
S187,23,Female,AI&DS,7,7.98,80,90,51,82,96,56,59,79,85,52,0,87,4,4,100,2,1,3,8,65,90,78,28,66.45,4.6,Not Employed
S406,24,Male,Mechanical,7,9.76,61,100,80,61,91,54,60,69,61,85,1,68,4,6,96,6,5,2,7,45,71,58,24,68.5,3.92,Not Employed
S386,19,Male,AI&DS,3,5.52,73,80,47,40,51,76,53,55,46,67,0,45,2,5,69,5,8,2,6,100,82,35,6,64.25,0.0,Not Employed
S419,24,Male,CSE,7,7.65,100,62,58,55,54,83,69,45,46,64,1,91,3,6,60,8,8,11,9,81,73,78,36,72.25,3.89,Employed
S443,24,Female,Mechanical,8,8.51,78,93,55,96,97,57,60,96,63,46,2,89,5,6,55,5,8,3,10,81,87,61,32,69.65,4.39,Not Employed
S474,21,Male,EEE,5,7.13,87,76,90,36,50,59,76,76,68,57,3,69,1,4,50,7,0,5,7,80,94,62,30,71.9,3.82,Employed
S755,20,Female,ECE,4,8.74,84,87,41,69,92,72,59,54,43,91,0,49,6,1,74,2,2,5,9,88,55,87,7,76.5,5.83,Employed
S651,20,Female,CSE,1,9.98,50,62,79,35,59,90,50,85,97,48,2,77,5,5,83,1,4,2,1,69,78,68,2,68.85,3.31,Not Employed
S299,23,Female,EEE,2,7.08,83,95,87,76,93,84,41,41,58,91,1,40,7,2,90,4,5,9,1,47,50,66,8,81.3,6.55,Employed
S635,21,Female,EEE,6,6.95,76,92,79,84,91,78,53,82,53,44,4,93,7,2,100,6,3,3,5,62,65,70,32,74.3,3.5,Employed
S917,24,Female,AI&DS,5,6.51,88,97,90,71,99,95,95,99,57,43,4,73,5,5,76,8,0,6,6,56,95,37,45,74.35,3.69,Employed
S018,18,Female,EEE,6,8.49,52,79,72,74,87,60,65,72,51,59,3,82,7,6,97,2,4,6,8,93,40,73,7,70.5,3.57,Employed
S997,20,Female,Mechanical,3,8.91,70,61,48,60,80,91,44,81,99,81,0,44,6,2,93,0,1,7,3,83,86,46,11,72.95,3.85,Employed
S788,22,Female,AI&DS,3,5.81,63,73,96,81,91,56,73,65,78,54,3,73,1,4,67,8,6,0,6,68,52,63,9,73.35,4.98,Employed
S667,23,Male,ECE,4,8.78,53,70,87,100,65,66,40,69,59,98,4,55,1,4,63,9,6,3,8,58,62,52,45,75.1,6.21,Employed
S988,21,Male,AI&DS,4,7.04,71,68,52,42,59,78,69,73,68,37,4,98,1,4,81,0,8,11,9,75,70,40,34,56.8,0.0,Not Employed
S625,22,Male,CSE,5,8.14,45,79,96,52,75,98,55,96,62,59,3,70,8,2,56,2,6,8,10,80,74,44,14,72.1,3.29,Employed
S992,20,Male,CSE,3,8.87,49,94,59,37,51,63,71,92,35,62,3,,7,1,71,0,6,3,0,65,65,65,13,62.85,0.0,Not Employed
S218,23,Male,IT,8,7.62,66,73,87,62,61,74,73,68,96,53,0,64,1,3,60,0,4,3,9,57,43,94,13,66.6,4.31,Not Employed
S263,21,Male,AI&DS,8,6.3,68,68,69,59,80,57,52,77,51,39,4,43,5,2,57,7,7,6,2,88,61,63,29,66.25,4.77,Not Employed
S706,21,Male,Mechanical,7,8.93,71,68,78,52,79,41,75,46,97,95,3,99,1,2,86,9,1,12,4,41,65,68,24,74.25,3.13,Employed
S067,18,Female,CSE,5,6.41,95,72,96,40,75,99,59,100,85,95,2,42,4,3,72,0,5,4,1,91,63,90,0,92.45,16.89,Employed
S686,22,Female,EEE,6,9.04,46,99,89,58,51,44,43,69,41,50,3,56,2,5,83,0,4,10,4,94,81,57,4,62.95,0.0,Not Employed
S578,20,Female,EEE,5,5.99,52,85,92,60,46,75,94,98,60,51,4,42,8,4,56,1,3,0,6,51,45,43,1,70.6,3.48,Employed
S302,20,Female,ECE,3,7.44,58,98,53,71,59,66,51,87,53,38,2,56,4,5,78,3,5,9,10,81,69,45,20,59.7,0.0,Not Employed
S865,22,Male,IT,5,6.92,95,98,50,100,85,96,40,76,56,50,0,50,7,2,79,0,6,6,4,75,78,42,45,66.55,3.04,Not Employed
S597,21,Female,AI&DS,3,8.82,69,86,100,38,52,90,60,83,54,86,2,40,7,6,61,2,2,3,1,41,65,95,17,79.55,5.45,Employed
S012,22,Male,EEE,2,7.39,82,96,73,75,68,53,82,75,65,68,3,48,5,4,70,1,0,7,9,76,46,44,14,72.3,4.08,Employed
S1000,18,Female,Mechanical,8,5.72,56,75,87,96,95,91,86,46,68,66,0,91,2,5,61,2,0,9,5,67,71,65,10,70.9,3.43,Employed
S104,18,Male,ECE,5,7.39,75,64,63,67,66,86,80,98,60,93,0,48,5,1,75,5,6,12,5,68,61,90,18,79.95,7.45,Employed
S862,24,Male,EEE,6,8.09,51,68,60,92,61,59,79,99,55,78,2,54,5,6,77,10,0,12,7,87,59,52,27,72.2,4.16,Employed
S025,23,Male,EEE,4,7.59,61,83,50,49,55,59,46,38,74,83,3,100,4,1,87,10,3,1,4,94,83,50,22,71.15,4.59,Employed
S753,22,Female,CSE,2,9.7,77,91,83,69,56,78,82,89,99,54,3,86,7,5,92,7,0,4,0,77,62,64,23,78.85,7.14,Employed
S836,23,Male,EEE,1,9.2,54,82,46,52,49,53,86,94,77,85,2,73,7,2,71,9,5,10,10,93,70,35,31,67.9,4.11,Not Employed
S480,19,Female,Mechanical,3,8.22,95,78,61,75,50,45,66,88,99,53,4,71,4,2,79,0,2,1,6,56,88,95,42,73.35,4.49,Employed
S663,24,Male,EEE,2,8.17,75,91,75,78,50,79,91,39,75,66,2,74,7,3,52,1,0,4,10,48,84,68,9,75.7,7.45,Employed
S196,23,Male,ECE,1,6.29,76,68,97,75,97,59,56,,85,47,1,43,4,3,80,10,1,7,5,56,63,81,29,70.75,4.12,Employed
S570,24,Male,EEE,5,5.59,83,63,75,42,82,46,50,35,36,35,2,64,5,1,86,9,5,1,2,52,80,98,48,60.25,0.0,Not Employed
S207,19,Female,EEE,6,9.12,73,72,41,83,80,86,48,67,40,97,3,75,5,5,94,7,3,9,2,74,62,76,24,80.45,7.2,Employed
S846,23,Female,Mechanical,7,9.13,92,99,43,44,93,94,43,97,72,39,1,78,3,3,56,9,4,11,5,51,78,75,53,63.6,0.0,Not Employed
S243,21,Female,CSE,1,8.25,77,85,94,51,72,43,63,41,35,80,0,95,5,1,65,6,6,10,5,85,64,86,3,74.95,3.76,Employed
S190,19,Male,Mechanical,2,9.64,80,78,86,79,79,92,57,63,59,93,3,76,1,3,61,6,8,1,8,44,72,72,13,84.8,6.02,Employed
S096,22,Female,IT,3,6.38,59,84,76,66,98,75,81,78,67,97,3,69,3,6,100,5,2,2,8,71,51,42,38,71.35,4.05,Employed
S658,18,Female,EEE,7,5.57,100,100,90,74,41,71,77,62,71,49,1,99,7,5,96,5,2,8,10,52,40,89,51,70.75,3.16,Employed
S289,18,Male,AI&DS,6,7.07,92,97,41,78,83,46,67,79,80,87,2,43,4,2,65,10,4,9,1,98,84,43,5,82.65,7.61,Employed
S042,21,Female,ECE,5,6.4,69,90,46,65,83,76,62,72,72,37,3,57,1,5,93,0,7,4,3,78,91,80,32,62.15,0.0,Not Employed
S230,23,Female,CSE,2,8.96,65,83,97,83,43,88,67,43,72,95,1,47,5,3,83,6,8,3,3,79,43,48,30,76.45,6.71,Employed
S855,19,Female,AI&DS,3,5.84,56,61,59,43,40,58,50,67,62,49,2,86,8,5,86,1,1,7,9,68,49,87,7,64.1,0.0,Not Employed
S987,23,Male,EEE,7,7.27,55,62,55,100,82,98,92,86,70,37,3,74,1,2,75,5,2,9,5,45,97,83,18,70.8,3.56,Employed
S933,20,Male,Mechanical,3,7.63,81,86,87,45,76,78,94,92,89,67,0,60,4,6,91,5,6,7,0,87,70,99,14,79.1,6.79,Employed
S282,19,Female,EEE,6,7.08,99,92,89,65,99,76,44,47,36,62,1,58,3,5,50,1,3,8,7,63,84,58,37,68.6,3.88,Not Employed
S890,21,Male,CSE,7,9.28,97,77,89,39,60,59,100,61,99,43,4,71,4,5,80,7,5,8,3,86,54,62,54,68.6,3.81,Not Employed
S335,20,Female,Mechanical,8,6.73,87,80,61,61,93,,61,37,52,35,4,70,1,1,93,2,6,8,7,88,65,45,52,58.1,0.0,Not Employed
S333,22,Male,AI&DS,3,6.87,71,88,45,99,61,90,49,82,56,66,4,100,7,5,78,0,0,7,9,58,81,56,5,78.75,5.0,Employed
S328,24,Male,ECE,8,8.08,81,88,97,78,83,70,93,51,52,99,3,88,8,6,78,2,5,1,9,82,79,87,18,88.3,11.87,Employed
S085,20,Female,ECE,8,9.5,53,92,69,69,59,91,47,77,55,93,2,85,3,1,97,5,4,9,10,88,52,57,40,70.4,4.22,Employed
S142,22,Male,AI&DS,2,5.89,67,94,66,64,42,93,64,88,95,65,3,59,2,4,95,0,8,9,8,91,76,53,2,76.6,5.36,Employed
S293,19,Female,IT,7,9.71,91,100,43,60,81,69,49,65,54,73,3,66,6,1,90,3,6,4,4,81,50,67,18,74.6,4.37,Employed
S994,23,Male,ECE,6,8.06,89,98,63,64,49,76,81,58,85,40,0,79,7,1,58,7,5,7,4,82,60,67,49,64.25,0.0,Not Employed
S352,21,Female,EEE,1,7.62,77,69,95,85,64,54,86,61,95,64,4,77,8,6,79,5,1,5,3,67,89,88,13,85.9,10.1,Employed
S952,19,Female,CSE,5,8.06,56,98,40,36,88,65,50,91,40,52,3,65,1,3,71,0,5,6,3,51,44,96,4,60.8,0.0,Not Employed
S456,22,Female,AI&DS,6,6.07,79,96,96,72,41,88,94,85,51,86,0,69,8,1,55,0,4,10,1,61,78,47,7,79.65,7.47,Employed
S637,20,Female,AI&DS,3,6.49,82,93,78,60,39,64,63,41,64,46,1,45,1,3,55,8,4,7,2,58,49,90,36,64.2,0.0,Not Employed
S627,22,Male,Mechanical,3,7.66,95,92,96,87,55,55,78,71,98,44,3,78,1,4,54,8,1,11,2,89,81,40,51,71.35,3.74,Employed
S673,18,Male,IT,5,9.14,93,95,94,58,98,73,40,54,37,76,4,66,6,1,80,3,2,1,4,86,88,89,17,85.55,10.51,Employed
S332,24,Male,CSE,4,6.58,83,97,55,98,100,,72,84,49,69,0,60,8,5,76,1,7,0,6,80,54,37,14,73.25,3.54,Employed
S617,23,Female,Mechanical,2,6.52,86,89,49,59,35,97,90,99,48,98,1,98,2,6,69,3,6,4,3,74,80,47,12,78.65,7.85,Employed
S088,23,Male,EEE,8,7.88,68,64,98,49,42,93,75,99,60,54,1,60,8,1,93,3,7,1,8,68,91,42,14,72.7,3.91,Employed
S358,24,Male,IT,5,8.5,49,73,98,98,87,88,75,50,82,44,0,72,6,4,78,2,4,3,8,42,69,38,5,65.95,3.15,Not Employed
S668,22,Female,EEE,5,6.71,84,67,85,88,67,81,78,98,35,49,3,77,4,6,66,2,2,10,9,47,82,66,35,72.2,3.26,Employed
S331,22,Male,IT,3,6.32,94,65,49,74,87,83,50,42,76,58,0,85,1,3,74,1,5,2,6,97,60,68,36,65.35,3.75,Not Employed
S614,21,Female,EEE,3,7.18,68,95,74,53,76,87,80,79,87,57,4,65,6,4,72,4,2,10,7,83,74,87,11,80.05,6.08,Employed
S274,22,Male,EEE,4,9.02,94,77,52,37,45,74,94,92,46,100,3,52,8,3,88,9,8,0,10,63,65,53,6,85.5,15.16,Employed
S931,21,Male,EEE,5,9.99,73,86,67,67,52,40,68,83,61,53,3,100,2,6,63,5,3,11,8,98,65,95,20,71.45,3.84,Employed
S392,,Male,IT,7,8.97,99,65,80,45,44,86,55,46,56,42,0,87,5,5,81,0,6,10,8,99,86,52,57,59.95,0.0,Not Employed
S481,19,Male,ECE,1,8.61,49,68,72,84,89,62,48,86,65,72,0,61,6,5,88,9,1,11,0,44,87,80,23,71.0,4.9,Employed
S849,20,Female,EEE,6,5.82,94,80,52,92,98,56,79,58,85,89,1,50,6,4,64,4,2,7,7,70,60,56,5,81.35,5.48,Employed
S054,19,Male,IT,7,6.0,88,97,71,74,40,54,65,42,35,61,2,100,4,2,98,4,4,5,1,40,71,90,27,69.7,3.35,Not Employed
S949,18,Female,EEE,8,7.72,72,91,80,83,60,53,96,65,56,90,2,46,6,5,53,2,5,7,8,82,58,90,18,79.45,5.82,Employed
S291,19,Female,ECE,6,6.25,64,83,67,60,98,80,94,44,62,71,2,43,5,5,75,3,1,11,9,46,77,78,7,72.55,3.55,Employed
S923,23,Female,IT,8,9.4,77,62,40,56,67,82,95,72,59,52,1,96,7,2,60,1,6,9,0,90,64,83,25,66.65,4.1,Not Employed
S155,24,Male,IT,5,7.55,78,98,73,78,90,96,83,52,78,97,2,88,4,2,75,,3,3,2,53,86,37,19,78.05,6.77,Employed
S227,18,Male,CSE,8,8.35,50,93,85,84,100,79,100,55,83,83,0,89,3,3,86,10,2,2,2,51,89,41,33,69.3,3.84,Not Employed
S740,21,Male,IT,3,7.66,80,91,57,42,56,78,79,42,91,45,3,67,1,4,64,2,2,4,8,81,100,48,35,62.2,0.0,Not Employed
S195,22,Female,IT,3,7.74,58,86,84,82,81,94,65,70,92,58,4,48,4,1,96,4,3,8,6,94,64,60,0,81.2,5.44,Employed
S077,20,Male,CSE,5,7.73,98,90,58,36,48,67,48,68,81,86,2,42,7,1,86,8,3,5,8,58,44,84,12,81.95,6.51,Employed
S311,20,Male,EEE,7,6.83,48,95,44,40,100,46,72,89,87,47,3,82,5,3,66,9,1,12,8,41,47,94,1,65.9,3.36,Not Employed
S805,19,Female,ECE,6,9.33,53,66,55,82,59,42,97,51,99,46,3,61,1,4,66,6,3,0,10,92,43,79,7,66.45,4.43,Not Employed
S601,18,Female,AI&DS,6,5.87,76,89,78,69,43,68,64,59,70,53,2,94,1,4,65,3,0,5,5,92,79,96,23,72.3,4.12,Employed
S613,23,Female,Mechanical,8,6.41,62,61,82,69,59,55,84,92,35,40,4,93,7,5,94,7,3,11,0,58,63,46,22,66.6,4.2,Not Employed
S364,23,Female,CSE,6,5.58,82,88,64,100,64,72,77,36,64,37,4,88,2,3,65,6,3,9,1,43,48,82,45,66.15,4.0,Not Employed
S475,22,Male,IT,6,9.79,73,71,56,70,68,95,71,51,64,57,1,95,1,2,57,10,0,2,10,72,95,91,16,75.1,6.74,Employed
S598,20,Male,CSE,8,7.27,64,95,57,64,59,71,78,98,90,90,1,71,1,3,56,1,5,11,7,78,58,53,26,68.8,3.47,Not Employed
S870,19,Male,CSE,1,6.99,58,100,81,72,91,90,41,68,98,74,3,97,7,3,84,4,5,5,9,54,78,90,16,81.4,5.98,Employed
S611,20,Male,Mechanical,4,9.87,92,83,44,70,88,81,41,73,39,50,2,49,5,4,63,1,0,7,2,40,47,46,42,60.05,0.0,Not Employed
S942,19,Male,AI&DS,3,5.53,55,75,62,43,40,49,91,82,77,79,0,47,4,3,68,5,0,3,6,77,72,71,24,64.4,0.0,Not Employed
S776,23,Female,CSE,1,7.96,97,78,52,82,84,90,45,71,42,65,4,58,6,6,65,10,1,9,8,88,43,96,32,84.2,5.83,Employed
S676,18,Female,AI&DS,2,5.92,61,98,74,65,40,70,84,70,56,35,3,92,4,4,71,1,1,8,9,54,99,70,26,62.85,0.0,Not Employed
S076,21,Male,AI&DS,2,5.73,69,99,66,66,55,92,60,75,59,55,3,72,8,4,69,7,0,1,6,72,69,65,14,76.65,5.65,Employed
S262,18,Female,EEE,2,5.82,60,88,77,76,88,52,87,76,64,49,2,54,2,2,97,6,3,6,3,44,70,97,11,69.5,3.11,Not Employed
S162,24,Female,AI&DS,2,8.88,65,75,61,70,41,72,54,83,86,65,0,69,8,5,78,1,7,7,5,47,71,37,0,68.85,3.21,Not Employed
S168,23,Female,AI&DS,1,8.61,63,73,88,39,80,92,68,48,63,84,1,72,5,6,92,0,6,6,6,90,83,75,21,72.8,4.93,Employed
S072,24,Male,AI&DS,8,5.62,80,96,63,94,51,79,96,46,43,74,3,85,8,5,76,6,1,2,5,81,44,92,6,84.6,6.4,Employed
S462,24,Female,CSE,1,5.63,91,70,54,47,48,71,99,95,76,64,1,46,3,6,74,6,1,0,9,56,47,39,27,66.4,4.69,Not Employed
S447,21,Female,CSE,1,8.41,52,74,47,41,39,76,57,65,43,47,2,54,7,4,75,1,3,11,4,71,53,56,5,59.4,0.0,Not Employed
S209,21,Male,EEE,5,6.95,86,80,47,47,43,42,93,51,57,39,1,46,8,2,56,0,6,10,7,73,79,67,47,54.4,0.0,Not Employed
S424,19,Female,AI&DS,4,6.94,47,98,89,83,42,99,91,81,90,95,1,43,4,1,98,10,6,4,4,80,51,45,48,74.0,3.28,Employed
S818,23,Male,Mechanical,3,5.8,56,80,69,59,,67,41,73,64,50,1,88,7,5,90,1,7,2,0,52,47,60,6,62.8,0.0,Not Employed
S204,20,Male,AI&DS,1,6.7,70,64,74,95,58,52,97,67,83,36,0,89,4,4,99,7,3,11,0,52,69,47,34,60.25,0.0,Not Employed
S643,19,Male,IT,,5.74,74,84,96,90,44,78,58,80,100,96,0,99,8,1,72,5,3,4,8,50,40,47,22,80.7,5.44,Employed
S767,23,Female,CSE,3,8.79,55,63,53,67,64,87,88,96,78,64,3,62,7,5,,7,8,5,10,50,63,68,9,75.35,7.84,Employed
S986,21,Male,Mechanical,8,9.2,45,63,58,36,66,97,93,36,74,75,2,47,5,1,98,3,8,2,2,45,91,38,30,60.2,0.0,Not Employed
S156,19,Male,IT,1,7.19,85,76,89,41,41,82,46,37,41,49,3,68,7,1,85,4,7,11,2,53,84,36,36,65.15,3.6,Not Employed
S860,22,Male,EEE,8,6.96,93,61,65,96,98,64,46,40,89,82,4,50,1,6,84,8,1,10,4,55,89,44,11,83.85,6.86,Employed
S515,21,Male,AI&DS,6,6.08,77,84,83,93,36,71,81,86,89,41,2,67,5,6,90,1,7,8,5,89,70,77,36,71.5,4.69,Employed
S958,21,Male,AI&DS,5,7.05,94,81,90,60,99,92,64,67,92,36,1,62,5,5,73,3,6,12,2,66,75,40,58,63.1,0.0,Not Employed
S675,18,Male,AI&DS,7,9.4,58,89,66,44,48,83,75,91,52,63,1,53,6,1,52,4,0,9,6,47,57,92,5,70.55,4.79,Employed
S695,24,Female,AI&DS,7,9.73,47,83,80,37,78,55,71,85,89,90,0,73,2,1,97,2,6,12,0,100,42,59,43,59.7,0.0,Not Employed
S325,20,Female,CSE,3,8.7,98,86,45,46,42,67,96,51,95,62,3,44,6,6,83,6,8,8,6,95,56,98,36,75.75,6.91,Employed
S366,23,Male,EEE,7,7.85,56,88,80,35,43,95,71,43,59,41,1,100,4,2,55,2,8,12,3,55,72,45,15,57.85,0.0,Not Employed
S745,23,Male,CSE,1,8.04,56,82,74,80,92,67,85,89,67,98,0,53,2,5,50,5,3,10,3,78,65,55,42,68.45,4.65,Not Employed
S295,23,Female,CSE,1,9.37,50,80,78,73,43,97,66,81,46,85,1,55,2,5,97,8,1,8,10,93,77,67,35,72.85,3.99,Employed
S065,24,Female,EEE,1,8.34,81,75,85,53,72,67,40,80,65,88,1,82,2,5,73,1,8,8,8,90,72,37,7,74.95,3.78,Employed
S231,23,Male,ECE,5,7.42,99,80,56,80,51,79,76,98,98,98,1,96,4,6,68,3,0,1,0,69,80,50,1,87.95,15.37,Employed
S380,22,Male,CSE,7,5.54,99,89,60,53,72,93,54,98,93,53,4,58,3,6,92,0,5,4,8,84,47,70,46,72.4,4.99,Employed
S275,21,Female,ECE,6,5.55,67,82,59,92,46,53,86,91,88,91,2,50,7,6,76,2,1,2,3,59,70,77,24,77.8,5.2,Employed
S954,18,Male,ECE,1,9.69,54,89,71,39,76,65,57,86,49,88,0,70,7,2,75,4,3,11,8,85,100,80,34,68.6,3.02,Not Employed
S612,23,Male,ECE,5,6.72,89,96,70,43,54,53,44,85,83,38,0,71,7,4,76,2,0,9,0,82,44,70,51,58.0,0.0,Not Employed
S781,20,Male,EEE,1,8.92,81,83,99,52,44,90,69,81,77,100,2,47,8,4,,4,1,10,2,71,58,84,19,88.25,14.02,Employed
S809,19,Male,EEE,7,7.05,64,,64,56,93,52,48,56,84,52,3,96,2,1,68,2,4,3,6,82,48,78,12,65.8,4.88,Not Employed
S283,18,Male,IT,7,7.41,,74,66,49,75,47,69,49,52,98,2,85,5,5,96,0,1,5,7,47,64,71,21,70.2,3.91,Employed
S043,19,Male,EEE,5,8.55,91,68,80,47,40,59,90,91,39,81,1,45,5,3,97,6,2,3,2,90,74,81,10,80.8,6.59,Employed
S199,18,Female,EEE,1,5.62,70,93,88,45,48,56,79,54,45,84,2,54,4,6,68,7,2,2,8,93,50,38,14,71.3,3.07,Employed
S336,24,Male,EEE,1,9.52,97,88,83,50,80,92,64,80,84,57,0,47,8,3,62,7,0,3,0,88,57,80,40,76.25,5.57,Employed
S448,24,Male,IT,5,8.68,63,60,46,58,99,98,84,96,74,65,1,60,2,2,61,5,7,2,0,82,70,89,2,75.4,6.0,Employed
S109,20,Male,Mechanical,2,5.6,66,66,83,56,66,73,51,55,77,89,3,54,7,6,61,2,6,6,0,87,79,60,23,77.5,6.35,Employed
S812,24,Female,Mechanical,5,7.75,95,89,65,69,77,100,52,81,65,90,2,76,8,3,75,6,8,6,1,67,53,70,5,89.7,9.26,Employed
S877,24,Female,ECE,2,8.81,73,84,99,55,85,77,99,43,74,63,1,92,7,2,87,9,4,6,10,90,67,68,10,78.3,7.92,Employed
S346,18,Male,AI&DS,5,6.28,61,71,61,66,57,52,41,57,68,47,0,93,3,4,91,1,5,3,4,69,55,82,14,59.35,0.0,Not Employed
S879,23,Female,EEE,8,8.12,73,70,75,82,97,61,80,79,51,49,4,43,3,2,54,7,7,11,8,78,82,44,24,71.3,4.64,Employed
S894,20,Male,ECE,5,9.07,56,78,40,68,62,51,66,47,48,41,0,52,5,4,83,,1,11,6,53,43,95,15,56.85,0.0,Not Employed
S850,20,Male,CSE,7,5.86,70,82,74,45,53,91,78,52,38,82,4,86,3,2,87,4,1,1,5,99,95,87,12,81.4,5.66,Employed
S123,20,Male,EEE,4,9.88,54,94,60,85,43,59,84,90,65,42,1,45,7,1,79,9,0,4,10,87,82,57,12,68.6,3.24,Not Employed
S337,24,Female,Mechanical,4,6.55,76,83,42,70,98,97,85,61,35,60,3,47,5,5,82,7,2,8,3,82,87,57,16,74.35,3.13,Employed
S249,19,Male,ECE,7,8.97,60,88,86,56,61,76,86,79,41,68,0,43,3,4,75,7,4,7,8,54,64,84,8,71.1,3.95,Employed
S375,23,Female,ECE,1,9.89,100,81,91,47,35,69,95,86,52,38,4,47,5,6,98,3,5,7,9,83,82,95,62,70.55,4.03,Employed
S886,20,Male,ECE,1,8.47,98,92,98,65,95,71,51,93,38,55,4,78,7,6,74,6,0,5,3,58,51,45,,74.4,3.76,Employed
S556,24,Male,ECE,3,8.41,70,97,52,66,79,44,54,70,52,86,0,86,3,2,78,2,4,12,5,40,80,50,16,63.8,0.0,Not Employed
S619,22,Male,Mechanical,8,9.9,76,80,62,38,67,84,70,84,47,89,4,79,6,6,81,0,6,0,7,88,97,46,13,78.2,6.42,Employed
S669,18,Male,AI&DS,1,8.79,88,85,48,62,70,47,76,35,61,49,0,66,2,3,63,7,2,2,10,90,47,82,39,59.65,0.0,Not Employed
S148,23,Male,IT,1,7.24,55,96,89,62,63,81,54,61,69,87,4,41,1,4,58,10,2,9,0,54,56,74,32,76.1,7.14,Employed
S192,20,Male,IT,2,7.3,92,81,44,57,95,60,62,62,69,58,1,71,4,2,97,3,4,3,3,52,93,66,34,64.7,0.0,Not Employed
S576,18,Male,Mechanical,6,9.93,69,74,63,86,40,49,49,66,68,89,4,85,5,2,91,4,6,11,0,66,92,87,20,81.2,6.13,Employed
S966,24,Male,EEE,2,8.53,81,94,99,55,97,47,75,54,88,76,1,89,4,4,55,7,0,8,6,92,93,74,5,81.25,6.83,Employed
S826,20,Male,EEE,2,8.09,69,97,53,76,92,75,71,80,58,42,3,91,1,2,51,4,2,6,2,82,40,44,27,61.6,0.0,Not Employed
S751,24,Female,AI&DS,2,5.88,73,61,86,99,72,99,82,100,38,44,4,99,7,3,69,8,2,2,1,68,100,80,29,82.8,6.57,Employed
S197,24,Female,IT,,7.35,67,98,52,57,71,62,60,100,97,92,0,64,5,,90,2,2,10,5,66,80,86,25,73.15,4.7,Employed
S631,,Female,CSE,2,6.35,61,91,69,70,100,76,66,60,69,41,3,80,8,5,56,7,6,6,5,47,48,58,20,66.9,3.25,Not Employed
S904,24,Male,CSE,1,5.59,80,93,64,66,72,87,85,86,93,65,4,47,1,1,83,8,1,1,4,47,65,35,15,76.25,5.07,Employed
S521,20,Female,,1,7.04,65,82,92,91,,69,94,98,61,56,3,56,7,1,92,9,1,10,7,75,62,45,9,79.4,5.62,Employed
S037,19,Female,EEE,3,7.23,83,92,87,52,43,57,89,88,78,99,2,92,1,3,96,4,7,2,7,74,70,79,16,81.7,6.0,Employed
S039,24,Female,CSE,8,5.57,54,86,95,54,44,70,90,68,78,85,0,94,6,6,84,6,5,10,7,95,74,39,31,69.15,4.23,Not Employed
S765,19,Male,AI&DS,3,6.82,93,88,67,96,95,59,65,52,75,43,3,41,2,1,61,4,1,1,5,98,94,99,50,72.75,4.63,Employed
S423,21,Male,IT,8,7.61,79,89,46,45,58,86,46,85,90,60,3,61,2,3,71,9,7,3,7,47,57,93,19,74.95,3.08,Employed
S350,20,Female,EEE,6,6.54,47,89,72,78,89,68,69,90,87,82,3,60,5,4,51,2,7,3,4,81,44,80,35,71.7,4.8,Employed
S743,22,Male,CSE,4,5.62,92,86,75,64,47,68,65,70,46,97,1,67,1,5,50,8,1,12,10,63,68,48,5,80.65,5.44,Employed
S487,19,Male,EEE,4,5.51,49,91,75,61,57,42,66,68,83,65,2,70,3,3,64,4,7,7,10,65,78,80,16,66.6,4.09,Not Employed
S167,23,Male,EEE,6,8.7,93,82,75,96,88,83,87,71,89,36,4,46,1,4,59,0,0,3,4,88,90,55,57,68.7,4.97,Not Employed
S154,21,Female,ECE,7,5.52,79,72,86,82,36,97,60,59,37,35,1,54,6,3,58,1,6,8,9,59,50,43,44,60.05,0.0,Not Employed
S069,21,Female,ECE,1,8.77,67,99,67,70,42,44,82,86,81,100,1,100,1,2,88,10,7,0,2,44,55,81,33,73.3,3.72,Employed
S984,24,Female,ECE,7,5.62,92,94,66,51,63,60,44,35,95,87,2,44,2,4,90,0,8,12,5,45,70,65,5,75.25,7.88,Employed
S848,23,Female,AI&DS,4,8.83,45,94,92,60,60,58,58,73,91,37,2,72,8,5,88,9,5,0,4,69,41,56,8,66.6,3.02,Not Employed
S440,22,Female,EEE,7,6.56,46,78,41,35,94,58,48,86,39,40,2,81,1,1,80,1,6,11,4,57,60,79,6,53.4,0.0,Not Employed
S240,19,Female,IT,3,7.79,70,66,60,44,73,74,69,86,87,65,4,55,3,4,74,1,5,3,9,67,90,90,5,77.3,6.7,Employed
S626,19,Male,CSE,8,7.81,49,96,50,66,87,93,80,81,63,68,3,43,7,1,70,6,0,3,10,86,99,82,19,76.15,6.17,Employed
S841,18,Male,AI&DS,1,6.53,59,72,56,87,94,68,44,50,89,93,2,99,1,4,77,2,7,9,9,62,88,75,34,71.15,3.5,Employed
S277,20,Female,CSE,5,7.38,76,75,41,50,70,71,44,81,96,90,2,80,8,6,57,5,8,11,9,41,94,68,14,78.5,5.49,Employed
S582,19,Female,EEE,5,7.05,85,89,70,54,93,74,96,81,63,53,2,80,3,4,66,2,5,11,0,67,91,73,32,68.9,3.29,Not Employed
S409,20,Female,ECE,3,6.6,79,77,80,50,37,92,42,48,72,48,4,96,7,2,50,3,0,3,6,64,49,80,31,72.05,4.31,Employed
S254,18,Male,CSE,2,8.07,61,88,41,98,54,81,80,35,39,84,2,49,6,4,86,0,8,11,7,70,67,86,23,71.55,4.69,Employed
S715,21,Female,ECE,8,6.38,94,71,41,92,70,64,89,44,43,94,3,79,8,4,84,2,6,8,7,85,94,54,0,85.5,16.37,Employed
S936,19,Male,IT,3,9.73,98,87,77,36,61,77,94,57,58,38,1,87,7,5,100,8,0,1,4,51,83,85,60,64.15,0.0,Not Employed
S822,24,Female,EEE,5,9.01,75,72,60,91,68,48,49,61,62,54,1,100,3,6,82,0,1,12,9,58,56,54,21,61.75,0.0,Not Employed
S586,19,Female,IT,1,8.54,95,64,45,37,36,98,95,41,77,46,2,99,6,2,97,2,3,4,1,63,79,75,49,63.9,0.0,Not Employed
S961,24,Female,ECE,5,9.53,99,89,48,84,64,65,75,43,82,73,0,73,6,5,97,9,0,0,2,68,70,56,26,75.15,6.73,Employed
S214,19,Male,Mechanical,6,9.07,56,91,92,47,73,42,86,83,45,42,2,62,7,4,57,3,0,10,10,64,43,74,14,62.05,0.0,Not Employed
S796,23,Female,ECE,5,5.7,89,75,70,99,69,84,83,51,62,59,4,,5,3,87,5,3,0,0,65,71,93,30,81.65,6.13,Employed
S034,23,Male,Mechanical,5,8.09,93,71,70,91,70,51,77,90,97,46,3,62,7,3,70,10,1,2,5,66,84,98,47,79.25,5.86,Employed
S917,24,Female,AI&DS,5,6.51,88,97,90,71,99,95,95,99,57,43,4,73,5,5,76,8,0,6,6,56,95,37,45,74.35,3.69,Employed
S783,20,Female,CSE,6,7.46,77,68,40,53,51,94,95,81,98,35,4,41,1,1,90,6,3,11,5,66,57,41,42,61.4,0.0,Not Employed
S061,24,Male,EEE,1,8.48,94,99,48,83,54,50,51,56,91,40,3,63,4,4,89,4,7,3,8,55,59,95,54,65.15,4.81,Not Employed
S047,18,,CSE,4,8.39,83,61,43,77,66,48,90,61,43,61,4,53,4,3,99,2,0,4,2,48,74,67,22,68.2,4.6,Not Employed
S180,21,Male,CSE,5,7.16,47,73,73,81,84,70,98,93,40,40,2,46,5,6,66,9,8,9,2,64,81,83,7,70.6,3.73,Employed
S814,24,Female,AI&DS,4,7.16,90,97,47,69,58,64,47,71,41,68,4,77,4,2,100,2,6,1,4,89,60,74,22,74.65,3.43,Employed
S497,20,Male,ECE,5,8.74,88,77,73,76,82,76,81,56,53,72,4,83,4,5,95,,8,9,4,70,69,61,16,80.3,7.81,Employed
S793,21,Female,CSE,8,6.77,98,91,46,91,59,94,48,94,41,80,4,83,6,6,51,3,1,0,0,65,58,62,18,84.7,7.91,Employed
S947,20,Male,AI&DS,3,8.67,49,82,84,64,77,62,40,75,47,69,1,86,3,1,87,10,1,4,3,82,93,41,20,67.55,4.03,Not Employed
S834,18,Female,EEE,7,6.08,91,90,86,62,69,46,55,55,48,36,4,68,3,1,94,2,1,7,0,70,60,73,55,61.25,0.0,Not Employed
S320,19,Male,AI&DS,8,9.86,94,60,55,95,78,58,72,56,45,69,2,85,7,3,90,10,,2,8,66,90,64,25,79.15,5.41,Employed
S723,22,Female,ECE,8,6.76,100,70,48,98,78,72,61,70,78,89,2,90,6,6,89,4,2,8,2,59,79,50,11,84.7,7.9,Employed
S624,22,Male,Mechanical,4,7.51,79,83,75,68,96,44,90,58,87,49,4,42,4,2,59,4,2,11,6,40,63,42,30,64.9,0.0,Not Employed
S016,19,Female,ECE,4,6.7,95,66,64,39,95,54,52,93,79,74,1,54,1,6,62,6,5,4,1,89,57,79,21,74.1,4.28,Employed
S080,23,Male,Mechanical,1,8.13,55,93,80,83,53,92,83,66,39,49,1,41,8,3,76,2,6,11,3,66,72,95,6,73.25,4.75,Employed
S327,22,Female,CSE,3,6.03,64,83,59,72,97,41,90,53,53,88,0,99,5,3,63,2,7,0,1,75,62,43,24,62.75,0.0,Not Employed
S284,23,Female,Mechanical,8,6.52,71,78,94,89,59,94,44,95,82,57,0,83,8,6,56,6,7,8,10,83,45,50,14,77.75,5.43,Employed
S476,18,Male,CSE,5,9.89,46,82,74,40,65,62,46,44,99,91,0,72,2,2,63,5,5,10,6,44,81,89,45,61.8,0.0,Not Employed
S087,18,Female,IT,3,7.32,77,79,84,50,72,63,79,63,63,52,3,49,8,6,88,5,6,11,8,98,70,62,25,72.4,4.52,Employed
S791,22,Female,CSE,1,6.14,96,78,85,91,84,43,83,57,56,38,3,85,6,2,70,4,1,10,2,40,97,45,58,63.6,0.0,Not Employed
S605,18,Male,AI&DS,2,7.85,90,75,45,81,80,61,45,87,78,43,3,65,1,5,76,10,6,11,2,75,92,46,47,67.1,4.63,Not Employed
S488,20,Male,AI&DS,2,9.83,93,78,66,92,76,55,82,89,49,57,3,60,2,3,94,6,2,12,7,93,91,97,36,78.4,6.8,Employed
S967,19,Female,EEE,5,6.21,58,97,74,65,46,83,89,65,76,73,4,84,1,1,68,5,6,7,0,,78,57,15,74.25,3.13,Employed
S897,22,Male,Mechanical,8,9.48,86,84,71,53,58,47,41,67,75,70,3,90,2,4,57,9,2,8,1,70,93,35,16,73.85,3.91,Employed
S451,21,Male,Mechanical,3,7.11,46,75,76,90,81,53,87,46,59,83,0,57,8,5,61,4,5,5,6,77,66,70,37,65.7,3.62,Not Employed
S008,23,Female,ECE,8,6.04,59,64,61,37,64,77,54,35,44,42,1,44,1,3,54,8,3,4,10,71,53,51,17,55.55,0.0,Not Employed
S158,19,Male,EEE,8,9.6,89,90,61,65,35,40,82,46,49,98,1,100,2,5,54,1,4,10,3,69,58,68,9,73.1,3.93,Employed
S395,18,Female,IT,5,7.09,45,82,96,58,86,62,40,47,90,97,1,45,3,4,57,7,0,2,10,56,54,95,52,67.95,3.79,Not Employed
S691,19,Male,CSE,2,5.93,83,89,73,94,50,74,43,60,65,46,1,71,4,2,75,10,5,3,0,96,66,39,37,69.25,4.45,Not Employed
S466,22,Male,EEE,8,9.72,61,61,42,78,88,56,52,77,42,52,1,75,6,6,53,3,7,1,9,97,79,39,9,63.05,0.0,Not Employed
S433,19,Male,IT,4,7.91,60,84,89,68,41,57,45,53,37,48,0,69,2,1,59,4,4,2,1,44,71,81,12,61.95,0.0,Not Employed
S126,22,Female,AI&DS,6,6.62,91,80,57,44,82,47,72,41,57,63,4,42,7,1,79,4,4,5,1,75,69,36,28,67.2,3.74,Not Employed
S891,24,Female,ECE,1,9.23,51,74,85,36,36,79,98,49,79,59,4,92,7,1,61,8,2,6,2,62,56,56,8,71.8,4.94,Employed
S032,19,Male,AI&DS,1,7.34,89,98,70,72,39,54,58,71,93,44,1,99,5,6,87,10,3,6,1,74,54,54,45,66.2,4.82,Not Employed
S721,23,Male,IT,4,9.18,75,93,46,65,89,68,94,75,40,37,4,57,3,6,91,1,4,12,1,42,89,80,38,61.0,0.0,Not Employed
S820,22,Male,EEE,3,5.51,68,90,84,63,80,54,48,64,89,89,0,72,6,1,80,6,1,0,8,,42,100,21,76.5,5.56,Employed
S316,18,Female,EEE,6,7.52,72,61,50,71,59,70,62,91,64,99,1,77,6,5,95,10,7,2,4,86,85,84,27,82.1,7.88,Employed
S683,18,Male,Mechanical,3,9.95,65,84,83,49,99,81,58,72,68,55,0,74,3,5,92,9,8,7,4,71,73,44,10,67.9,3.3,Not Employed
S571,19,Male,IT,2,9.42,54,98,63,57,91,85,94,57,99,54,3,41,1,5,100,1,4,4,1,62,83,58,0,68.45,4.18,Not Employed
S764,22,Male,ECE,3,6.59,95,83,56,86,83,90,48,58,88,78,2,43,2,4,90,5,5,3,0,40,84,89,17,83.3,5.48,Employed
S088,23,Male,EEE,8,7.88,68,64,98,49,42,93,75,99,60,54,1,60,8,1,93,3,7,1,8,68,91,42,14,72.7,3.91,Employed
S068,23,Female,ECE,6,9.88,76,91,63,69,45,86,67,45,90,58,4,58,6,1,55,5,4,4,7,78,85,89,18,80.3,5.5,Employed
S770,21,Female,Mechanical,1,8.45,48,64,78,84,66,92,42,67,77,59,0,64,4,3,96,8,8,2,4,79,97,64,11,73.0,3.66,Employed
S093,20,Female,ECE,3,6.85,56,94,70,65,63,59,94,53,94,42,4,66,7,5,83,2,6,3,4,53,61,45,14,64.25,0.0,Not Employed
S006,18,Female,Mechanical,6,6.0,72,70,69,35,68,72,88,57,99,48,2,93,4,2,73,2,8,12,8,98,40,76,24,65.1,3.98,Not Employed
S905,24,Male,ECE,3,9.19,53,91,52,93,93,87,85,40,84,36,4,90,6,3,84,1,8,6,7,56,64,66,17,65.9,3.08,Not Employed
S726,19,Male,AI&DS,6,9.31,92,70,98,82,71,53,100,43,62,57,4,91,2,6,58,3,1,2,3,78,49,35,35,69.7,4.25,Not Employed
S876,22,Female,AI&DS,6,8.58,65,71,47,91,74,66,60,62,76,63,3,91,1,1,82,9,1,5,6,83,70,59,2,75.55,5.88,Employed
S509,23,Male,,3,7.6,65,83,76,83,39,60,84,48,80,36,1,66,8,3,71,10,1,2,5,59,50,94,29,68.05,4.09,Not Employed
S369,22,Female,ECE,7,9.67,70,83,64,97,74,81,77,44,87,39,0,64,3,2,98,6,4,12,5,72,85,97,31,68.4,4.27,Not Employed
S245,24,Female,Mechanical,7,8.3,74,92,67,92,84,62,54,58,89,,4,71,4,6,82,4,6,8,9,63,42,39,39,62.6,0.0,Not Employed
S015,24,Female,EEE,3,7.43,47,79,63,40,80,53,83,66,48,80,4,96,7,5,97,2,3,2,2,96,66,38,33,62.5,0.0,Not Employed
S232,19,Female,ECE,1,7.0,80,100,53,36,60,84,58,67,43,74,2,72,6,1,57,10,5,5,6,86,76,38,6,75.3,7.5,Employed
S377,22,Male,AI&DS,8,9.09,64,95,95,94,56,97,68,49,96,65,1,53,3,6,94,1,1,6,0,50,99,76,1,80.0,7.71,Employed
S950,22,Female,Mechanical,6,8.81,78,72,93,56,76,84,67,96,52,86,1,41,5,4,80,2,2,5,4,99,53,75,8,82.0,7.21,Employed
S388,20,Male,Mechanical,7,5.83,61,76,64,55,86,69,45,67,89,53,4,53,2,6,96,4,3,11,5,76,82,100,8,74.7,4.21,Employed
S757,18,Male,CSE,4,7.11,93,98,80,55,61,85,66,48,64,62,3,86,7,1,71,2,3,0,4,60,75,100,31,78.15,5.28,Employed
S111,21,Male,Mechanical,5,9.63,82,65,83,52,75,47,55,74,49,58,2,84,3,5,74,6,2,9,6,67,51,97,24,70.65,4.27,Employed
S537,20,Male,IT,8,9.7,98,79,63,53,74,61,86,80,75,92,2,67,7,4,50,6,0,6,5,81,91,,6,85.55,17.75,Employed
S430,21,Male,IT,8,7.36,97,85,40,82,63,72,58,69,68,74,3,83,4,1,76,0,0,0,2,90,63,75,23,77.5,6.01,Employed
S835,24,Female,AI&DS,5,8.34,95,86,63,78,95,91,77,51,51,39,1,40,1,3,67,9,6,4,6,99,44,53,56,62.85,0.0,Not Employed
S939,22,Female,CSE,4,8.82,59,68,69,55,98,51,74,46,55,50,3,54,6,6,53,4,6,0,2,93,67,88,9,68.85,3.91,Not Employed
S206,21,Male,CSE,1,8.11,89,90,84,54,82,89,45,66,55,98,0,83,6,6,53,0,5,10,2,84,74,48,9,80.05,5.38,Employed
S215,22,Male,IT,3,6.97,89,74,49,41,85,68,,99,46,63,3,58,7,2,58,5,1,7,9,87,43,86,26,73.85,3.53,Employed
S694,20,Male,AI&DS,7,7.88,66,61,77,52,87,52,50,55,62,99,1,44,4,4,67,5,5,6,1,45,56,39,33,65.3,4.39,Not Employed
S485,20,Male,Mechanical,2,7.5,72,91,56,46,52,57,86,49,80,45,1,86,2,3,60,8,5,4,7,80,87,100,27,65.2,4.34,Not Employed
S750,19,Female,Mechanical,3,5.62,74,63,72,93,56,46,45,87,42,55,0,80,5,1,84,1,3,5,10,84,88,100,19,71.15,4.19,Employed
S588,19,Female,ECE,7,7.65,94,61,77,81,91,77,76,58,92,37,3,100,6,3,55,5,1,2,2,79,59,85,57,71.2,4.83,Employed
S937,20,Female,CSE,1,7.4,46,64,68,94,37,98,53,45,86,59,3,96,1,3,93,0,0,4,9,52,53,58,13,67.0,3.83,Not Employed
S773,22,Female,EEE,3,9.48,93,98,43,74,75,70,77,52,96,48,2,93,8,6,58,4,6,3,0,91,45,83,45,69.4,4.42,Not Employed
S236,21,Female,Mechanical,2,5.52,47,98,95,46,77,69,96,40,48,74,0,76,5,6,63,5,3,3,4,57,74,75,27,63.25,0.0,Not Employed
S056,24,Male,AI&DS,7,8.15,78,65,65,74,78,54,61,56,44,100,0,73,4,3,72,10,2,3,1,49,56,60,22,73.75,3.35,Employed
S360,19,Male,EEE,2,6.3,52,94,87,85,56,44,82,36,69,54,3,62,3,2,95,0,8,3,7,84,43,48,2,64.8,0.0,Not Employed
S529,22,Female,EEE,1,8.93,54,93,58,38,63,96,63,81,72,74,1,76,5,4,95,7,4,2,2,49,78,72,20,69.5,4.72,Not Employed
S449,19,Female,CSE,3,8.56,99,60,78,80,95,77,40,97,66,95,0,42,1,5,93,4,3,8,8,50,88,53,4,84.35,7.33,Employed
S535,22,Female,Mechanical,8,6.0,93,71,71,35,75,97,72,95,98,55,1,44,7,6,69,1,7,5,10,83,74,58,38,71.1,3.39,Employed
S595,20,Female,Mechanical,4,7.89,86,76,58,55,43,43,44,98,79,42,4,88,7,1,93,,0,11,10,45,60,81,44,67.6,4.4,Not Employed
S017,21,Female,CSE,2,9.45,61,71,77,68,39,46,78,90,79,75,3,78,2,4,86,3,,0,6,40,73,60,14,70.6,3.73,Employed
S709,20,Male,AI&DS,7,6.82,47,66,67,70,71,43,55,92,61,67,0,65,8,5,56,2,7,11,7,82,72,56,20,62.75,0.0,Not Employed
S502,22,Female,Mechanical,6,6.3,100,83,94,94,79,86,67,62,59,83,2,51,1,2,78,5,8,3,0,77,59,77,17,87.15,8.94,Employed
S070,22,Male,EEE,3,8.56,68,83,68,44,52,73,63,85,75,70,1,47,1,6,61,7,8,,8,47,56,68,2,71.15,4.41,Employed
S238,18,Male,CSE,8,9.56,48,66,64,41,46,67,65,57,92,80,2,61,4,6,98,10,8,1,7,76,48,46,32,64.65,0.0,Not Employed
S772,21,Male,EEE,4,9.19,68,64,70,62,92,85,90,48,36,76,1,81,2,2,84,7,8,8,10,56,95,84,8,75.05,7.41,Employed
S493,24,Female,IT,7,7.81,46,79,57,93,60,46,56,95,83,72,3,45,4,4,85,4,7,4,8,72,55,83,26,70.05,3.03,Employed
S744,18,Male,IT,1,7.59,57,92,42,87,92,46,55,41,94,64,2,45,1,3,73,8,4,7,4,52,91,86,7,70.3,3.35,Employed
S157,23,Male,Mechanical,5,8.3,89,68,66,48,100,86,79,50,71,49,0,71,4,5,62,4,8,3,5,85,66,72,40,64.4,0.0,Not Employed
S477,20,Male,CSE,6,8.23,68,81,66,82,95,100,58,38,55,82,0,58,3,5,51,1,3,12,5,72,85,100,14,76.5,7.35,Employed
S413,19,Female,CSE,4,9.97,46,83,75,95,52,98,47,42,79,81,1,58,8,2,85,6,3,3,3,43,87,52,35,71.45,3.23,Employed
S938,21,Male,IT,5,7.2,59,67,95,91,55,76,57,91,90,65,4,40,4,5,52,6,5,4,0,50,96,79,6,85.05,14.16,Employed
S540,22,Male,EEE,2,7.47,65,96,74,68,72,84,41,52,43,75,2,97,8,6,63,2,5,7,3,,63,77,10,75.65,5.6,Employed
S334,21,Female,EEE,5,9.28,69,82,93,62,100,58,42,55,43,73,0,65,2,2,96,8,4,6,3,79,72,75,4,73.85,4.77,Employed
S577,24,Male,ECE,5,8.2,85,85,42,92,51,82,84,63,44,49,0,50,8,1,61,8,5,2,4,83,85,85,36,71.45,3.57,Employed
S319,21,Female,CSE,2,9.02,84,66,92,40,99,46,50,50,61,81,1,86,5,6,78,8,7,11,1,49,81,81,3,78.35,6.0,Employed
S544,23,Male,AI&DS,3,6.43,56,66,41,40,51,74,62,43,76,75,1,82,4,2,69,2,6,4,3,99,98,62,19,64.4,0.0,Not Employed
S378,24,Female,AI&DS,5,8.5,87,67,82,52,97,45,90,77,63,43,2,64,7,6,91,8,6,12,3,54,56,49,44,63.0,0.0,Not Employed
S339,22,Female,ECE,6,7.83,47,74,43,70,88,74,68,75,35,85,1,61,2,5,51,3,6,1,3,52,50,77,38,59.8,0.0,Not Employed
S267,22,Male,Mechanical,2,8.29,66,63,72,81,41,47,64,81,94,40,2,63,3,6,85,1,8,11,3,48,61,65,26,61.7,0.0,Not Employed
S766,20,Female,CSE,1,8.92,79,60,46,95,85,70,85,98,51,60,0,51,6,4,100,0,4,7,2,85,66,68,19,69.9,4.71,Not Employed
S408,21,Female,CSE,2,9.22,93,62,48,66,45,57,49,36,36,48,4,87,6,6,55,3,2,7,9,97,68,55,45,64.15,0.0,Not Employed
S629,22,Male,IT,6,9.58,81,72,62,74,59,92,61,87,70,68,4,67,4,5,100,2,4,3,10,83,63,76,13,81.75,5.61,Employed
S005,21,Female,IT,4,9.99,53,92,71,46,41,95,47,54,55,89,4,44,7,4,88,7,8,4,8,95,100,36,36,74.2,4.36,Employed
S483,22,Female,IT,6,7.23,93,71,49,40,61,67,73,70,75,47,2,58,3,1,68,4,7,7,3,96,50,71,46,62.55,0.0,Not Employed
S778,23,Female,ECE,5,5.91,45,85,98,82,73,95,45,46,63,71,0,91,8,5,70,1,6,9,9,57,89,95,26,72.25,3.08,Employed
S027,24,Female,IT,4,9.24,50,77,96,92,66,88,69,83,78,38,3,94,6,2,81,3,5,12,4,61,57,70,12,72.75,4.11,Employed
S728,21,Female,IT,5,8.86,68,95,80,69,96,48,64,54,39,76,1,79,2,5,99,10,7,6,10,75,55,48,8,70.35,3.78,Employed
S200,20,Female,ECE,8,9.89,79,77,75,91,52,100,84,57,93,90,4,80,5,3,80,8,3,12,1,68,59,81,11,92.65,12.12,Employed
S596,22,Male,EEE,5,8.77,65,88,62,96,82,71,59,97,75,59,1,77,3,1,94,5,6,7,7,60,99,86,6,77.15,6.39,Employed
S929,21,Male,CSE,6,5.79,51,61,69,61,42,92,72,94,50,81,3,91,5,6,80,8,3,7,10,86,43,62,30,73.45,3.2,Employed
S906,18,Female,Mechanical,4,6.62,52,66,86,66,92,45,99,47,45,75,0,82,6,6,66,5,8,2,9,91,59,54,23,63.5,0.0,Not Employed
S163,21,Male,EEE,1,9.22,95,98,79,73,100,75,53,93,78,81,0,92,4,4,71,8,7,11,10,63,85,92,14,86.25,9.14,Employed
S129,23,Female,IT,8,6.72,49,,48,48,54,46,50,92,94,75,3,47,6,2,78,4,7,4,1,45,50,73,26,64.65,0.0,Not Employed
S736,23,Female,ECE,8,8.89,53,63,47,46,49,47,64,86,48,51,1,42,2,5,96,0,7,2,5,82,87,91,2,61.15,0.0,Not Employed
S396,20,Female,ECE,3,7.91,62,66,68,91,55,48,62,90,35,80,1,47,4,3,52,2,6,6,5,97,42,55,18,68.7,4.33,Not Employed
S748,18,Female,EEE,1,9.14,64,98,92,98,85,90,78,98,63,43,1,69,8,6,57,6,6,9,8,87,58,48,,73.8,3.82,Employed
S916,21,Female,EEE,6,6.24,61,96,90,57,37,65,82,70,71,46,0,46,8,2,84,8,1,8,2,69,55,35,15,64.35,0.0,Not Employed
S051,21,Male,CSE,2,5.92,51,83,91,51,42,77,75,77,50,87,2,95,7,6,53,4,4,5,1,76,72,62,36,70.75,3.31,Employed
S785,21,Male,ECE,6,5.53,49,63,90,79,42,45,47,82,35,57,3,96,2,6,55,5,2,6,1,87,96,40,8,68.0,4.49,Not Employed
S184,20,Female,EEE,2,6.53,69,68,46,37,60,73,95,99,88,54,4,46,3,4,89,9,0,12,8,72,88,50,15,71.55,3.19,Employed
S134,24,Male,AI&DS,2,6.62,60,77,74,42,63,,94,84,80,57,1,55,6,6,94,5,0,11,5,100,76,53,3,71.3,4.13,Employed
S461,19,Male,IT,6,7.57,99,68,57,73,85,44,98,96,83,95,4,82,3,5,95,8,8,4,2,84,60,79,4,90.95,13.84,Employed
S293,19,Female,IT,7,9.71,91,100,43,60,81,69,49,65,54,73,3,66,6,1,90,3,6,4,4,81,50,67,18,74.6,4.37,Employed
S725,20,Female,ECE,1,7.85,85,100,67,58,47,58,59,71,84,84,4,79,8,2,81,3,6,7,10,90,68,72,1,86.25,,Employed
S203,18,Male,CSE,1,6.34,51,78,57,51,91,86,40,64,46,54,,71,4,3,76,4,7,5,7,84,90,39,3,61.9,0.0,Not Employed
S278,18,Male,IT,8,9.45,53,82,50,41,69,63,66,80,41,72,2,73,2,5,62,10,2,12,1,78,88,56,19,65.55,4.09,Not Employed
S907,18,Male,Mechanical,5,9.12,87,60,44,81,61,60,88,65,70,87,3,41,8,3,74,9,4,4,9,96,85,69,0,89.0,16.63,Employed
S063,22,Male,ECE,2,9.76,59,88,96,79,38,66,43,85,99,82,1,64,2,3,64,0,5,1,10,61,90,53,23,72.25,3.28,Employed
S020,23,Male,Mechanical,7,7.72,60,69,81,35,48,89,67,63,57,94,0,75,4,1,79,2,7,10,8,75,78,75,34,68.65,4.9,Not Employed
S208,20,Male,CSE,3,7.52,97,76,74,81,93,40,89,99,83,58,0,79,6,5,65,5,1,10,8,92,64,59,39,71.0,4.05,Employed
S231,23,Male,ECE,5,7.42,99,80,56,80,51,79,76,98,98,98,1,96,4,6,68,3,0,1,0,69,80,50,1,87.95,15.37,Employed
S362,23,Male,CSE,7,7.81,97,80,60,59,61,99,74,85,89,50,1,53,2,3,70,2,0,6,10,60,40,84,47,67.4,3.43,Not Employed
S094,21,Female,CSE,4,5.73,69,98,78,40,44,52,91,62,,61,2,59,1,2,62,1,7,3,9,85,53,85,8,68.7,4.83,Not Employed
S541,23,Female,IT,1,6.13,86,86,67,85,97,91,43,42,100,82,0,76,7,1,82,5,8,7,4,76,61,43,4,81.35,7.2,Employed
S833,20,Male,IT,5,9.04,95,79,79,50,85,76,99,66,66,68,2,77,8,3,64,9,4,6,4,41,73,56,27,77.1,5.44,Employed
S442,19,Female,EEE,1,9.7,100,63,56,40,49,43,100,73,44,68,2,84,7,3,94,2,2,9,7,47,48,75,32,66.7,4.72,Not Employed
S092,24,Male,AI&DS,5,6.55,91,96,60,76,65,59,96,53,63,87,2,57,1,5,87,2,6,8,7,43,62,83,4,78.15,7.36,Employed
S467,20,Male,ECE,2,9.49,75,68,57,40,48,42,71,99,63,79,3,70,5,2,51,0,0,12,3,74,78,83,4,74.9,4.36,Employed
S979,19,Male,IT,4,9.34,100,78,86,44,62,59,47,37,61,98,2,49,8,2,52,9,8,6,10,60,93,84,2,90.55,10.97,Employed
S131,18,Male,AI&DS,4,9.21,68,100,100,45,68,98,92,44,37,43,1,97,8,2,55,5,1,0,7,43,50,90,25,67.2,4.64,Not Employed
S727,22,Male,CSE,7,8.82,50,93,55,88,68,71,50,61,94,79,0,74,3,4,75,8,1,10,7,51,90,58,29,67.5,4.8,Not Employed
S434,24,Male,ECE,2,7.71,46,86,44,97,44,53,83,88,83,75,3,91,3,2,69,0,2,10,9,80,78,39,29,64.15,0.0,Not Employed
S323,20,Male,CSE,6,7.25,91,68,73,71,62,45,72,74,78,55,0,41,5,2,99,4,6,8,1,86,43,82,36,67.65,3.52,Not Employed
S035,21,Male,ECE,2,6.92,65,67,89,86,100,92,40,94,87,41,1,73,6,5,98,7,7,12,0,53,57,51,24,70.75,4.86,Employed
S566,22,Male,CSE,8,7.91,51,98,54,79,63,69,57,41,93,91,3,77,7,1,60,0,8,7,8,81,43,79,40,69.4,3.95,Not Employed
S572,19,Male,ECE,4,8.22,84,81,100,93,84,90,68,49,43,78,1,63,3,2,81,3,6,0,5,43,98,96,6,85.25,16.11,Employed
S095,22,Female,IT,7,7.6,86,82,59,68,81,72,96,98,94,47,3,88,6,2,73,5,6,0,9,95,54,53,39,71.05,3.03,Employed
S379,20,Male,CSE,2,7.03,82,72,87,49,82,48,94,75,83,35,2,43,4,4,77,5,5,12,10,99,90,51,47,62.35,0.0,Not Employed
S359,23,Female,ECE,6,8.86,99,72,65,39,36,56,47,52,76,94,3,69,2,1,85,10,3,11,7,48,70,70,5,83.4,7.52,Employed
S872,24,Female,AI&DS,3,8.35,74,91,50,89,69,74,81,66,79,76,2,75,6,2,61,9,4,2,10,93,62,52,2,81.6,7.14,Employed
S671,22,Female,AI&DS,7,6.0,63,69,58,70,57,67,89,36,95,43,4,69,6,3,91,3,7,3,4,93,70,84,20,70.3,3.54,Employed
S919,21,Male,CSE,7,5.74,48,72,50,42,60,46,78,92,41,45,0,91,5,1,50,3,4,7,1,55,46,98,3,57.3,0.0,Not Employed
S140,20,Male,AI&DS,7,8.64,91,94,56,71,73,55,46,41,85,97,1,43,6,1,77,1,4,10,10,78,70,60,6,79.3,5.29,Employed
S415,23,Female,ECE,7,8.75,73,60,58,49,54,43,96,39,57,99,1,40,7,4,93,7,8,11,4,98,76,99,26,76.1,5.92,Employed
S887,20,Female,CSE,7,5.84,51,99,84,94,76,80,97,61,77,73,3,93,5,1,73,1,0,,10,75,74,35,22,71.55,3.27,Employed
S725,20,Female,ECE,1,7.85,85,100,67,58,47,58,59,71,84,84,4,79,8,2,81,3,6,7,10,90,68,72,1,86.25,,Employed
S722,19,Female,ECE,2,8.63,78,90,75,42,51,88,70,35,69,81,1,55,6,4,60,2,5,8,6,66,43,76,3,75.45,7.59,Employed
S543,24,Female,CSE,7,8.09,45,99,93,84,,40,54,76,89,54,2,94,4,5,93,5,8,7,10,82,52,80,9,70.15,4.79,Employed
S165,18,Female,CSE,2,8.97,73,89,82,99,52,71,40,41,90,96,4,89,3,6,87,2,2,1,6,82,78,76,23,85.05,13.04,Employed
S075,24,Female,IT,8,5.83,48,70,68,88,96,69,53,78,53,75,2,86,6,4,58,5,8,8,1,60,55,94,27,71.9,3.25,Employed
S455,18,Female,EEE,8,7.96,69,87,46,52,91,84,60,99,80,94,2,67,8,4,76,7,0,8,0,89,66,46,25,77.6,,Employed
S636,20,Male,ECE,8,9.82,88,96,55,43,92,85,91,37,84,79,2,64,1,4,77,7,6,1,6,56,62,64,9,75.25,5.81,Employed
S685,22,Male,AI&DS,7,6.17,62,,54,76,82,82,43,81,74,56,4,64,1,5,95,0,7,0,6,53,55,87,6,71.95,4.2,Employed
S112,23,Male,EEE,3,7.7,53,71,60,92,41,95,62,36,97,52,1,92,7,5,82,10,7,6,10,71,66,91,1,78.1,6.47,Employed
S832,20,Male,AI&DS,3,7.58,88,73,67,73,65,45,94,75,72,77,4,65,6,3,76,10,6,3,4,61,88,68,11,84.9,7.62,Employed
S143,24,Female,AI&DS,3,9.87,96,72,48,40,89,45,83,90,60,53,4,56,6,6,54,1,6,8,6,75,60,70,43,65.25,4.04,Not Employed
S718,24,Male,AI&DS,2,7.03,55,76,45,76,58,74,88,78,96,57,2,64,3,5,60,6,3,11,3,61,73,82,2,72.6,3.2,Employed
S717,18,Male,AI&DS,5,9.55,56,81,94,82,69,56,51,85,93,85,1,48,6,5,68,2,3,10,2,83,74,69,29,74.75,4.58,Employed
S519,19,Female,Mechanical,2,9.27,72,67,90,59,68,59,79,100,66,41,2,76,8,2,98,6,4,11,2,57,72,40,31,65.95,4.21,Not Employed
S064,20,Female,Mechanical,3,8.91,75,88,79,35,45,41,56,62,54,89,0,89,5,2,69,1,0,3,6,80,90,93,14,72.1,3.13,Employed
S914,23,Female,AI&DS,3,6.74,49,99,96,91,87,94,74,91,100,69,4,58,8,4,55,10,2,9,0,80,53,81,20,87.0,8.15,Employed
S389,21,Male,IT,7,7.21,83,75,44,69,50,74,47,87,43,77,0,63,6,3,59,3,4,0,1,64,54,83,6,74.7,4.9,Employed
S938,21,Male,IT,5,7.2,59,67,95,91,55,76,57,91,90,65,4,40,4,5,52,6,5,4,0,50,96,79,6,85.05,14.16,Employed
S301,21,Male,IT,3,5.72,84,87,78,68,54,45,63,56,50,36,,67,8,6,81,1,3,11,3,52,100,69,48,63.8,0.0,Not Employed
S307,22,Male,ECE,2,6.61,76,66,96,77,38,58,83,50,85,82,4,99,2,3,59,0,1,7,10,70,69,69,6,81.1,6.78,Employed
S349,21,Female,IT,7,8.37,95,97,81,39,61,54,97,60,92,65,3,53,5,4,74,9,2,5,4,75,45,52,30,73.7,4.5,Employed
S121,23,Male,Mechanical,5,6.42,83,92,52,85,72,81,43,65,98,84,0,55,8,6,88,1,8,0,5,99,60,51,1,80.7,6.16,Employed
S774,19,Female,AI&DS,4,9.24,86,74,77,92,55,73,55,65,48,54,0,81,8,1,75,2,3,2,8,95,72,41,32,68.9,4.42,Not Employed
S645,24,Male,AI&DS,7,6.99,90,88,86,69,53,49,88,60,46,84,2,65,4,1,52,4,0,2,3,66,76,59,6,79.3,6.25,Employed
S600,19,Male,IT,4,9.6,65,100,98,95,70,75,61,77,59,51,2,90,4,6,87,9,3,3,7,76,70,37,14,74.5,3.63,Employed
S517,22,Female,IT,7,7.02,63,61,74,69,57,58,62,88,37,92,2,59,1,5,57,5,0,8,6,55,51,45,29,67.35,4.07,Not Employed
S356,19,Female,ECE,8,6.21,81,79,77,60,99,85,83,93,70,60,0,49,8,1,75,9,3,8,5,98,76,97,21,81.25,6.38,Employed
S782,24,Male,CSE,3,6.76,83,97,65,52,90,57,51,55,53,96,2,72,2,4,53,4,5,4,2,46,92,79,13,76.8,7.04,Employed
S660,18,Female,AI&DS,2,8.94,66,67,72,94,100,47,70,70,45,80,0,62,3,4,62,8,4,11,0,98,98,46,14,73.35,4.98,Employed
S258,24,Male,CSE,8,8.18,84,74,44,60,89,61,91,86,76,50,4,74,3,3,100,3,0,9,2,61,44,50,34,63.85,0.0,Not Employed
S525,22,Female,CSE,6,8.24,55,96,80,95,46,100,63,37,84,100,1,94,3,4,73,3,2,7,3,60,48,72,45,72.65,3.13,Employed
S649,24,Female,AI&DS,7,7.63,46,81,100,82,50,59,55,97,97,85,4,53,7,4,65,4,3,9,2,61,50,76,39,76.85,6.78,Employed
S265,18,Female,CSE,1,9.96,91,92,42,89,85,70,91,47,92,98,1,45,1,6,96,6,3,2,5,58,55,46,7,78.7,5.05,Employed
S794,24,Male,AI&DS,2,5.51,67,68,100,39,62,67,42,99,71,43,0,74,5,6,89,1,3,10,5,96,79,57,24,63.75,0.0,Not Employed
S152,20,Female,IT,6,6.67,63,89,94,50,95,43,95,44,95,59,4,47,7,5,69,6,0,2,2,52,61,87,4,76.1,7.96,Employed
S875,19,Male,CSE,4,7.4,100,64,84,60,65,92,81,58,89,39,4,70,3,5,54,5,2,7,8,70,52,,61,66.25,3.57,Not Employed
S580,22,Male,AI&DS,3,8.32,66,88,41,91,43,93,55,71,55,53,4,60,1,1,93,1,6,8,8,41,79,56,13,68.6,4.45,Not Employed
S308,18,Female,CSE,8,6.96,91,96,48,62,41,91,81,71,76,42,0,75,7,1,75,4,2,3,6,45,41,61,49,60.15,0.0,Not Employed
S602,24,Female,IT,8,9.93,83,94,52,59,50,58,86,42,59,99,2,55,7,4,94,0,4,4,3,49,,38,16,70.8,3.06,Employed
S345,18,Male,Mechanical,4,7.6,58,75,70,77,83,53,65,58,35,81,0,44,6,1,85,1,2,4,7,52,80,81,23,66.05,3.09,Not Employed
S815,24,Male,ECE,7,6.49,94,89,54,48,37,41,74,50,98,80,1,49,2,1,73,8,7,1,8,57,60,55,14,71.55,3.42,Employed
S823,20,Male,Mechanical,3,6.3,67,85,43,83,58,92,96,78,62,82,0,97,7,2,90,7,3,1,10,47,74,42,15,72.85,3.54,Employed
S633,22,Female,EEE,6,9.28,54,61,75,75,63,50,91,84,61,37,1,45,5,4,57,1,3,6,3,55,69,56,17,58.35,0.0,Not Employed
S562,20,Male,Mechanical,2,8.38,65,99,71,58,83,52,56,97,79,78,3,97,6,2,60,5,0,1,3,77,59,99,13,79.6,7.1,Employed
S309,,Female,ECE,5,8.41,86,69,47,73,97,91,67,74,51,80,0,93,6,5,62,7,7,6,7,57,76,89,6,81.4,5.27,Employed
S623,20,Female,CSE,6,8.36,51,86,70,39,70,67,75,89,43,43,0,56,6,4,75,8,3,2,1,41,50,46,8,57.55,0.0,Not Employed
S159,18,Male,CSE,5,7.12,88,80,67,49,47,94,88,,36,52,1,61,6,4,89,4,1,5,5,51,47,86,36,65.6,3.8,Not Employed
S787,22,Male,ECE,6,6.09,61,77,70,49,87,93,86,46,100,53,3,52,5,5,55,3,1,0,4,61,42,54,8,68.75,3.7,Not Employed
S679,19,Female,CSE,7,6.53,97,70,57,77,92,50,93,62,92,89,1,79,8,3,70,4,3,11,0,52,65,72,8,82.25,6.13,Employed
S606,21,Male,CSE,5,6.52,48,95,41,41,63,70,42,40,63,64,1,95,3,5,70,5,6,12,10,82,65,37,16,56.1,0.0,Not Employed
S019,21,Female,ECE,8,7.49,58,92,70,56,45,58,72,77,46,65,2,54,4,2,51,0,3,7,9,94,89,44,7,66.3,3.91,Not Employed
S297,21,Female,Mechanical,4,9.83,95,69,63,95,82,92,59,37,39,41,1,56,7,3,90,5,1,8,3,94,68,84,54,69.2,3.02,Not Employed
S712,21,Male,CSE,6,8.94,69,94,49,45,56,51,54,79,76,55,0,65,6,1,99,5,8,7,1,83,56,86,14,65.3,4.14,Not Employed
S169,18,Male,Mechanical,5,6.41,100,88,93,63,82,88,77,60,59,72,3,51,2,2,61,8,1,6,0,67,57,68,28,81.65,5.39,Employed
S270,20,Female,Mechanical,3,7.63,71,88,87,37,72,52,44,37,64,77,3,77,6,6,91,5,7,9,10,84,73,91,6,78.0,6.37,Employed
S441,21,Male,EEE,6,7.72,48,85,59,93,98,94,81,50,82,48,0,54,1,1,58,1,5,11,6,54,50,46,0,61.2,0.0,Not Employed
S315,18,Male,Mechanical,7,9.91,99,91,87,72,39,71,65,97,100,97,1,85,1,5,51,6,5,8,1,57,97,88,2,93.15,16.89,Employed
S844,20,Male,ECE,6,8.38,59,94,95,91,54,90,83,95,53,78,4,95,2,2,59,5,0,12,9,90,84,78,19,84.6,6.16,Employed
S040,19,Female,AI&DS,2,7.45,51,100,85,47,91,50,84,73,38,40,2,90,1,3,72,5,6,2,3,73,66,58,11,58.5,0.0,Not Employed
S124,23,Male,Mechanical,1,6.24,67,93,73,68,56,63,48,69,50,38,2,91,7,3,83,1,4,11,9,80,44,98,29,64.55,0.0,Not Employed
S824,23,Female,IT,2,9.22,45,91,82,75,64,94,75,74,50,76,1,40,2,2,99,6,2,6,10,43,72,71,31,67.65,4.33,Not Employed
S510,24,Male,ECE,8,8.17,89,87,86,86,95,93,55,67,82,78,3,83,7,3,52,3,8,1,6,67,89,69,11,89.35,17.54,Employed
S852,18,Male,AI&DS,2,6.5,79,62,42,69,63,85,94,55,43,45,1,94,3,1,61,1,5,11,4,72,82,49,34,58.6,0.0,Not Employed
S969,18,Female,Mechanical,7,9.79,62,74,83,49,78,96,81,41,48,83,2,96,3,6,82,1,5,0,3,100,68,40,21,69.45,3.23,Not Employed
S216,21,Female,Mechanical,3,8.93,75,95,52,97,85,81,76,60,66,66,0,57,7,3,93,9,1,1,10,66,67,81,9,78.45,6.04,Employed
S821,22,Female,CSE,3,9.23,57,84,42,47,36,71,47,54,85,47,2,81,4,5,93,8,2,11,1,94,71,90,10,68.0,4.85,Not Employed
S354,19,Female,EEE,7,9.91,58,85,44,84,59,70,46,77,92,73,0,50,2,6,85,2,0,11,9,71,41,58,15,64.85,0.0,Not Employed
S504,18,Male,Mechanical,3,9.42,53,65,66,50,42,68,80,42,75,47,4,57,4,6,89,0,5,10,5,97,85,56,6,65.75,4.81,Not Employed
S585,22,Male,Mechanical,7,9.72,72,71,100,91,38,84,53,84,57,69,4,89,3,6,75,9,3,2,6,60,69,66,3,87.2,16.68,Employed
S567,23,Male,CSE,6,5.79,91,77,76,67,38,85,78,97,90,52,3,53,8,3,84,10,4,5,3,76,91,100,39,84.8,7.84,Employed
S893,24,Male,EEE,2,5.77,75,99,59,47,53,49,88,70,94,38,4,86,8,2,97,6,4,9,6,53,51,57,37,62.8,0.0,Not Employed
S736,23,Female,ECE,8,8.89,53,63,47,46,49,47,64,86,48,51,1,42,2,5,96,0,7,2,5,82,87,91,2,61.15,0.0,Not Employed
S176,19,Male,EEE,8,8.4,49,78,82,43,67,46,52,97,77,80,1,82,4,1,68,9,1,3,5,71,68,77,31,68.05,4.23,Not Employed
S194,24,Female,ECE,1,7.76,70,71,69,50,93,60,84,36,36,61,3,77,2,3,73,9,4,2,8,56,55,69,9,68.35,3.94,Not Employed
S884,23,Female,AI&DS,7,5.81,66,93,71,61,83,88,65,52,91,45,1,84,6,5,96,9,6,9,3,53,62,65,21,68.4,4.6,Not Employed
S506,22,Female,CSE,6,7.6,98,65,76,94,46,47,98,46,58,46,1,60,1,2,100,0,3,10,5,69,45,66,52,59.6,0.0,Not Employed
S437,19,Female,ECE,8,7.41,92,77,92,75,48,78,64,89,60,80,2,97,2,4,60,0,8,4,9,66,58,80,12,82.15,6.19,Employed
S554,24,Male,AI&DS,4,8.99,57,82,73,,41,91,74,81,64,56,2,50,2,6,60,10,3,12,2,74,100,89,1,78.05,7.57,Employed
S512,18,Male,AI&DS,4,7.46,91,75,49,82,35,70,50,79,47,95,4,83,7,6,63,7,6,7,3,88,98,47,4,89.8,11.88,Employed
S014,23,Female,AI&DS,5,7.77,61,63,45,89,70,42,40,77,51,68,1,87,8,5,95,6,8,0,1,44,100,54,7,69.5,4.09,Not Employed
S655,24,Male,IT,7,5.92,66,69,42,52,65,72,78,98,70,60,1,66,1,1,90,5,5,12,9,63,61,35,6,63.2,0.0,Not Employed
S587,22,Female,ECE,6,8.67,63,79,46,55,54,50,66,50,87,55,4,75,8,6,67,3,1,10,2,98,68,47,8,68.45,4.51,Not Employed
S898,20,Male,ECE,1,9.92,54,74,88,73,72,94,90,51,58,81,1,45,7,1,59,5,2,3,9,57,88,45,27,71.8,3.28,Employed
S171,19,Male,Mechanical,6,6.99,63,73,100,95,36,47,82,79,92,65,4,98,4,1,93,5,6,12,1,64,56,71,2,81.55,5.07,Employed
S402,21,Male,CSE,6,6.86,75,72,74,54,40,48,52,88,67,79,2,68,2,4,54,7,6,8,8,90,41,56,4,75.0,6.8,Employed
S584,23,Male,EEE,4,9.77,91,99,63,94,87,63,81,74,62,85,1,70,2,5,91,7,4,12,9,66,43,60,6,80.25,5.65,Employed
S646,24,Male,ECE,5,9.96,58,60,44,55,39,56,86,96,43,63,3,98,3,6,81,1,1,10,7,91,97,78,5,69.35,4.23,Not Employed
S091,24,Male,AI&DS,8,7.06,62,72,99,49,39,91,82,88,37,65,1,44,2,5,52,7,0,3,0,65,68,64,3,74.0,4.08,Employed
S073,22,Female,AI&DS,3,8.96,53,87,72,42,50,73,49,73,56,55,2,99,4,3,83,4,1,4,3,80,75,70,2,68.1,3.25,Not Employed
S520,19,Female,IT,1,7.33,46,86,82,51,70,57,69,75,47,63,1,41,6,2,54,9,4,11,9,92,69,88,17,69.35,,Not Employed
S956,23,Male,ECE,6,6.74,97,78,47,60,93,51,69,95,84,81,3,100,7,1,77,3,4,9,4,51,79,40,16,77.15,7.46,Employed
S677,18,Female,Mechanical,6,9.71,93,88,75,56,38,87,46,37,70,59,1,92,3,2,97,0,2,3,3,52,48,72,34,65.95,3.92,Not Employed
S819,21,Female,IT,3,7.83,70,71,98,38,58,76,86,97,66,79,1,86,6,5,72,10,3,3,2,50,49,91,9,80.9,5.68,Employed
S313,19,Female,ECE,7,9.41,92,98,86,97,73,79,92,81,85,73,0,48,3,1,62,1,0,11,3,94,41,61,19,78.55,6.44,Employed
S429,23,Male,CSE,2,5.9,46,99,99,,48,71,87,47,91,99,4,91,1,6,68,6,3,3,7,75,64,49,53,72.35,3.39,Employed
S106,21,Male,ECE,5,9.24,49,86,83,98,52,80,59,65,67,54,3,90,7,1,78,9,7,9,6,74,72,88,5,80.9,6.63,Employed
S425,20,Female,CSE,5,9.43,73,86,73,62,68,51,93,41,46,89,2,88,5,2,62,5,6,7,7,74,84,55,16,73.55,4.93,Employed
S183,18,Male,IT,3,7.82,70,98,76,37,71,100,45,62,92,95,3,50,4,4,88,2,2,9,10,72,56,56,25,76.5,7.17,Employed
S926,22,Male,CSE,6,9.36,47,69,46,82,44,64,70,81,84,72,3,85,4,2,92,9,5,3,4,75,45,46,25,67.85,3.01,Not Employed
S361,21,Female,ECE,1,8.19,48,84,89,60,66,63,98,65,60,46,0,66,1,1,71,3,1,3,1,91,93,56,2,62.65,0.0,Not Employed
S376,23,Male,CSE,6,5.57,68,62,91,76,91,54,78,97,86,45,2,67,8,6,94,1,6,4,9,52,85,53,23,68.9,4.74,Not Employed
S473,24,Male,CSE,7,9.79,88,78,94,94,89,76,86,68,55,83,3,87,4,2,50,4,4,1,3,89,74,72,5,89.6,11.38,Employed
S173,23,Male,CSE,8,8.73,47,65,44,41,57,90,56,44,64,68,3,64,8,6,75,6,5,0,6,83,47,35,21,63.2,0.0,Not Employed
S698,19,Male,Mechanical,6,8.27,52,63,46,82,92,84,84,37,41,99,2,76,2,3,68,9,2,0,7,56,77,56,47,66.65,3.81,Not Employed
S205,22,Male,ECE,7,8.57,64,80,50,40,50,56,70,73,60,81,0,95,4,1,65,10,6,5,0,50,90,70,17,67.85,4.17,Not Employed
S889,21,Female,Mechanical,1,8.06,56,92,74,70,100,69,88,69,75,79,0,94,4,3,84,7,2,7,1,69,57,60,23,68.7,3.04,Not Employed
S603,23,Female,CSE,6,7.59,54,88,80,83,55,78,68,75,48,70,3,57,4,6,88,7,4,2,9,48,60,37,16,70.95,3.25,Employed
S856,22,Female,EEE,2,8.43,77,72,47,37,42,54,96,90,89,87,0,87,3,6,50,0,0,5,3,87,50,78,10,69.7,3.39,Not Employed
S417,24,Female,Mechanical,7,6.38,51,66,44,81,77,41,55,71,55,48,0,53,1,3,62,8,3,10,0,55,57,45,3,56.7,0.0,Not Employed
S648,19,Male,AI&DS,4,7.59,54,66,84,99,81,66,87,86,88,77,2,45,4,2,89,7,1,12,5,99,96,42,23,77.65,6.31,Employed
S217,20,Female,EEE,1,8.96,55,82,79,91,53,68,42,64,60,82,1,88,2,1,97,0,3,9,2,95,93,71,27,71.0,3.03,Employed
S505,22,Female,EEE,1,9.73,70,86,93,42,43,52,92,99,53,69,0,51,8,1,67,9,3,11,8,66,51,35,1,71.75,3.62,Employed
S828,21,Male,CSE,3,6.09,86,84,83,38,93,61,84,95,88,80,1,93,4,6,93,9,4,3,1,78,45,83,6,81.8,5.99,Employed
S444,18,Female,CSE,4,5.56,58,89,92,84,59,71,46,78,61,100,2,88,5,6,79,10,2,8,1,98,48,63,42,78.95,7.75,Employed
S777,24,Male,AI&DS,6,6.89,100,97,60,47,39,40,52,37,93,86,1,40,6,3,71,9,6,7,1,61,41,40,14,73.7,3.87,Employed
S666,20,Female,Mechanical,1,6.12,51,97,40,48,96,42,70,81,86,48,2,50,4,1,71,2,2,10,9,84,95,48,3,60.3,0.0,Not Employed
S548,19,Female,IT,7,9.2,71,71,51,54,58,63,96,49,55,38,3,53,5,4,90,5,4,9,5,41,90,38,33,57.05,0.0,Not Employed
S098,22,Female,EEE,5,5.58,97,87,91,57,48,98,46,54,65,59,4,73,5,3,67,6,1,5,6,69,76,66,38,79.5,7.97,Employed
S530,20,Male,CSE,4,8.12,54,97,40,68,81,86,72,86,96,56,2,81,3,5,82,5,8,5,6,95,99,97,2,76.5,6.95,Employed
S365,19,Male,ECE,4,8.39,60,98,100,91,77,48,57,75,40,88,2,88,1,2,96,5,5,3,3,74,43,66,28,72.1,4.6,Employed
S428,24,Male,Mechanical,8,8.42,74,86,66,80,80,93,74,89,77,49,1,69,7,3,61,8,2,8,6,64,58,90,25,75.9,6.9,Employed
S344,22,Male,,6,6.38,57,100,98,60,43,61,52,95,94,77,4,76,6,5,69,6,5,2,1,69,96,40,20,78.4,6.49,Employed
S420,19,Female,IT,6,8.31,72,62,97,84,65,53,79,44,54,98,0,91,1,2,99,4,8,12,1,71,46,93,26,74.75,3.63,Employed
S560,23,Female,ECE,1,7.06,95,88,94,93,39,100,65,90,38,62,4,51,1,6,71,1,4,6,0,86,69,67,33,81.35,6.08,Employed
S286,19,Female,CSE,2,6.63,76,74,80,52,38,46,87,41,43,98,0,51,7,5,93,5,2,4,9,79,46,44,22,69.05,4.32,Not Employed
S842,23,Male,AI&DS,5,8.39,58,63,45,57,64,87,77,68,97,56,1,41,4,3,95,2,0,2,8,58,69,43,2,64.7,0.0,Not Employed
S604,24,Female,EEE,8,7.16,65,84,75,38,90,81,60,85,57,76,4,93,1,6,68,5,0,8,0,86,85,51,11,75.15,6.49,Employed
S503,20,Female,EEE,1,8.23,47,77,81,96,85,42,84,67,70,42,4,92,1,6,80,9,7,7,2,70,87,48,5,69.2,3.08,Not Employed
S713,23,Male,EEE,3,5.83,81,68,60,85,93,88,78,40,69,65,3,79,5,5,51,2,2,0,5,91,42,64,16,75.8,6.99,Employed
S139,18,Male,IT,1,6.93,51,64,61,56,83,50,86,44,46,78,4,79,8,6,51,6,2,9,6,50,43,47,27,63.95,0.0,Not Employed
S113,18,Male,AI&DS,5,5.65,59,94,58,56,93,76,87,98,100,49,4,47,5,5,73,8,0,12,7,74,53,89,10,76.25,5.31,Employed
S908,21,Female,AI&DS,1,5.93,80,68,57,37,52,85,89,46,99,54,1,81,4,5,78,9,4,0,2,97,65,53,26,68.15,3.07,Not Employed
S059,21,Male,IT,6,9.63,69,86,89,78,,90,80,77,43,77,0,75,7,3,66,10,2,5,1,77,82,53,8,81.05,7.75,Employed
S460,20,Female,CSE,7,5.55,64,62,81,91,40,98,98,80,52,94,3,57,1,2,72,8,8,3,5,97,85,84,30,85.7,13.13,Employed
S292,22,Female,ECE,4,7.06,49,79,72,73,90,82,74,75,60,88,3,56,8,6,98,8,2,0,10,85,73,58,39,75.25,6.73,Employed
S489,23,Male,CSE,5,6.71,58,86,43,76,68,83,60,87,85,91,3,65,5,1,67,7,3,5,10,92,42,74,33,76.6,6.34,Employed
S259,20,Male,ECE,3,8.63,80,70,68,66,40,48,46,83,55,37,3,45,1,1,61,1,4,6,7,84,48,61,43,58.1,0.0,Not Employed
S199,18,Female,EEE,1,5.62,70,93,88,45,48,56,79,54,45,84,2,54,4,6,68,7,2,2,8,93,50,38,14,71.3,3.07,Employed
S539,18,Female,Mechanical,8,6.62,83,97,64,42,47,43,80,78,70,82,3,99,5,1,80,2,1,5,6,92,49,54,1,75.55,6.77,Employed
S459,23,Male,AI&DS,3,9.18,87,75,50,100,60,70,70,72,72,47,4,71,6,6,67,6,6,11,1,69,66,89,40,75.65,5.44,Employed
S343,20,Female,ECE,8,8.76,73,71,55,52,40,43,48,74,90,100,2,59,3,2,80,4,5,4,5,40,73,53,27,69.85,3.11,Not Employed
S594,22,Male,CSE,3,9.88,61,69,96,59,50,84,88,44,59,58,2,88,4,2,75,10,4,9,6,72,80,71,3,76.95,5.65,Employed
S087,18,Female,IT,3,7.32,77,79,84,50,72,63,79,63,63,52,3,49,8,6,88,5,6,11,8,98,70,62,25,72.4,4.52,Employed
S714,22,Female,Mechanical,5,7.78,63,68,59,,100,75,80,43,45,71,2,68,8,1,94,10,7,1,5,99,51,65,8,76.8,7.69,Employed
S998,24,Male,IT,7,5.74,78,88,76,42,82,48,51,67,73,44,1,55,6,3,78,9,4,0,6,56,86,81,34,65.4,3.43,Not Employed
S920,23,Male,EEE,8,8.93,80,86,42,48,84,96,99,54,80,41,4,56,2,5,91,4,7,8,5,95,63,36,39,62.2,0.0,Not Employed
S880,20,Male,Mechanical,8,9.54,74,60,99,77,73,98,56,77,47,69,1,67,8,2,83,6,8,1,1,51,86,62,5,82.75,6.91,Employed
S090,19,Male,Mechanical,7,7.19,69,88,95,83,83,45,83,52,79,50,1,74,7,5,58,3,0,12,0,59,69,89,19,70.65,4.06,Employed
S021,21,Female,EEE,8,9.54,92,90,68,68,66,93,80,70,97,65,2,68,2,6,68,3,4,5,5,97,74,45,27,75.8,5.42,Employed
S198,18,Male,AI&DS,6,6.53,65,78,85,69,85,57,96,91,81,92,3,50,3,1,58,3,4,11,1,53,50,85,27,76.85,5.31,Employed
S532,18,Female,Mechanical,2,9.78,77,64,57,45,42,68,76,66,66,67,1,84,4,2,94,7,2,0,9,57,75,70,10,71.0,3.18,Employed
S128,18,Male,Mechanical,5,5.92,59,93,66,82,93,87,45,47,99,52,3,44,1,4,92,2,3,4,4,94,60,85,7,73.8,4.4,Employed
S492,23,Male,CSE,5,8.87,97,84,81,86,,92,87,69,45,44,0,72,7,1,50,8,2,1,9,90,65,59,53,70.35,4.66,Employed
S854,21,Male,EEE,8,7.49,78,90,55,75,76,89,87,84,86,71,3,87,5,6,57,9,6,11,2,53,58,58,7,81.65,5.34,Employed
S644,23,Female,CSE,1,7.79,85,93,63,38,92,65,61,,79,76,2,63,1,5,87,1,7,12,7,67,88,100,9,77.35,5.11,Employed
S526,18,Male,EEE,8,7.57,88,98,68,65,57,69,72,49,77,55,1,69,2,1,97,0,6,8,7,95,64,44,33,63.35,0.0,Not Employed
S132,21,Female,CSE,7,8.57,56,82,53,58,70,57,68,54,39,66,2,71,7,5,80,0,1,4,6,48,66,60,10,62.05,0.0,Not Employed
S910,18,Female,CSE,3,9.04,65,82,76,37,71,82,95,85,49,39,0,69,3,2,53,4,6,6,0,43,45,51,26,54.8,0.0,Not Employed
S957,21,Male,ECE,6,9.36,51,92,75,91,37,45,93,98,59,57,2,84,3,1,60,4,8,3,7,59,57,69,6,68.55,3.16,Not Employed
S708,18,Male,ECE,4,9.21,87,80,48,94,98,74,76,79,83,50,1,53,8,1,92,8,4,4,4,77,43,56,37,70.8,4.73,Employed
S084,19,Female,IT,5,8.41,94,65,81,64,39,98,98,57,88,57,0,93,7,4,61,4,0,0,4,76,78,48,37,72.35,4.86,Employed
S097,24,Male,Mechanical,1,8.94,71,68,93,64,43,85,49,36,62,99,3,63,1,5,90,10,7,10,7,41,40,87,28,80.25,5.04,Employed
S593,19,Male,Mechanical,2,6.34,90,65,40,90,64,53,43,45,84,76,4,52,8,2,95,7,2,7,4,86,83,42,14,81.3,6.33,Employed
S895,18,Male,EEE,7,7.52,86,70,43,54,39,42,78,77,65,85,3,86,3,1,86,5,3,6,8,77,41,36,1,73.0,3.68,Employed
S752,23,Male,EEE,8,9.88,68,88,99,36,57,43,91,38,68,40,3,70,6,4,92,1,2,3,6,76,45,73,28,60.45,0.0,Not Employed
S779,22,Male,IT,4,7.43,80,72,58,53,83,74,86,86,55,84,4,69,1,5,,8,6,8,8,73,97,50,4,81.55,6.42,Employed
S271,22,Male,IT,3,9.05,59,90,63,71,41,,62,71,93,56,4,99,3,6,84,4,2,2,10,90,49,55,3,70.85,3.48,Employed
S045,24,Female,CSE,4,7.62,84,95,60,63,43,80,92,94,73,87,0,48,1,1,69,7,1,1,3,96,74,52,3,79.95,6.17,Employed
S025,23,Male,EEE,4,7.59,61,83,50,49,55,59,46,38,74,83,3,100,4,1,87,10,3,1,4,94,83,50,22,71.15,4.59,Employed
S287,22,Female,ECE,4,6.82,76,91,72,68,78,91,95,37,39,90,0,64,8,3,74,7,7,0,0,51,75,73,14,78.4,7.65,Employed
S229,22,Male,CSE,3,6.17,86,82,42,53,39,82,76,73,77,46,0,46,7,2,60,10,4,9,10,,84,57,40,66.2,4.93,Not Employed
S338,19,Male,AI&DS,5,9.7,99,74,96,70,59,94,83,37,67,93,0,100,7,6,93,10,0,5,6,94,66,70,6,91.9,9.22,Employed
S393,21,Female,EEE,2,7.32,84,72,98,35,89,84,74,79,66,40,4,68,3,6,98,8,3,2,1,63,93,52,44,69.45,4.03,Not Employed
S060,20,Female,AI&DS,2,6.89,69,81,92,51,46,81,82,89,100,81,0,63,5,2,63,5,7,3,3,48,49,44,12,73.7,3.59,Employed
S882,22,Male,AI&DS,6,5.9,98,80,87,99,37,88,86,94,36,75,1,48,7,1,97,1,1,9,3,90,77,45,23,82.25,5.03,Employed
S172,22,Female,EEE,8,7.69,63,72,60,100,45,100,46,56,35,43,1,82,4,6,77,1,3,8,6,81,92,44,20,64.8,0.0,Not Employed
S775,22,Male,AI&DS,3,6.05,97,67,40,58,64,51,96,35,37,43,4,64,8,4,74,1,0,0,8,93,80,96,54,64.45,0.0,Not Employed
S918,18,Male,CSE,3,5.91,97,83,59,60,70,45,91,58,66,38,0,85,7,1,69,9,8,6,0,92,100,65,59,61.9,0.0,Not Employed
S149,23,Female,ECE,7,9.33,74,76,53,94,73,83,73,85,48,35,4,,6,5,91,9,4,4,10,46,70,43,39,67.25,3.67,Not Employed
S186,22,Female,IT,4,5.52,92,60,76,50,35,64,81,61,75,87,2,46,3,4,91,9,4,4,8,67,76,81,5,84.85,6.84,Employed
S591,20,Female,EEE,,,66,68,100,79,68,75,52,97,71,69,0,98,8,6,55,10,5,8,1,41,91,51,3,80.9,7.42,Employed
S739,23,Female,CSE,2,6.53,74,67,49,70,59,67,99,80,76,81,3,59,3,2,51,4,1,11,2,41,49,96,7,78.1,7.79,Employed
S730,19,Male,Mechanical,7,9.1,87,97,44,73,65,75,75,53,65,56,2,81,6,6,65,9,8,3,5,75,100,74,31,74.15,3.53,Employed
S661,19,Male,IT,3,7.85,89,94,52,96,79,41,61,84,90,48,4,89,7,2,60,3,7,12,9,87,84,43,41,70.65,4.95,Employed
S711,22,Male,CSE,3,7.95,65,86,41,78,64,76,88,92,37,98,4,74,7,4,93,1,7,7,0,65,95,98,33,79.75,5.71,Employed
S234,24,Female,CSE,3,6.76,46,81,64,56,84,51,78,49,74,75,0,57,7,1,81,3,5,7,4,53,73,73,29,60.25,0.0,Not Employed
S618,19,Male,CSE,1,6.83,58,71,92,44,43,56,68,50,89,80,3,40,5,3,74,5,3,4,6,79,77,96,22,76.25,6.91,Employed
S499,18,Male,IT,5,9.19,100,87,77,74,82,79,89,86,67,60,0,77,3,1,96,3,4,2,4,76,46,51,40,68.85,4.59,Not Employed
S226,21,Male,Mechanical,2,6.31,82,94,48,85,87,60,68,38,57,93,4,97,4,4,55,4,5,11,10,98,85,55,11,81.5,7.16,Employed
S873,20,Male,ECE,2,9.9,65,91,63,45,92,44,43,78,41,41,2,59,2,3,78,7,4,4,7,54,88,81,24,60.25,0.0,Not Employed
S285,21,Male,Mechanical,3,5.79,57,81,52,86,50,54,93,89,98,70,4,77,5,6,75,5,7,10,9,100,65,97,13,80.3,6.53,Employed
S859,21,Male,AI&DS,7,7.98,94,66,40,44,59,49,82,99,55,60,1,85,3,1,93,8,8,11,3,62,97,58,34,65.75,3.92,Not Employed
S004,21,Female,Mechanical,4,8.58,98,63,54,39,75,65,57,43,62,75,1,81,8,4,91,7,2,4,2,55,87,68,,73.95,4.49,Employed
S237,24,Female,Mechanical,2,6.73,55,77,47,36,100,46,53,79,75,69,1,100,5,5,65,2,1,4,9,97,61,91,14,64.6,0.0,Not Employed
S573,23,Male,EEE,2,8.49,65,93,76,85,60,58,60,52,92,60,2,100,7,4,77,6,1,7,0,71,46,76,5,76.05,6.68,Employed
S565,22,Male,ECE,3,9.32,82,85,80,84,68,85,90,81,68,90,2,63,4,3,84,5,1,11,2,60,95,66,8,87.0,15.96,Employed
S647,20,Female,IT,6,8.34,65,93,49,70,66,54,92,37,90,96,2,61,5,4,96,6,0,9,4,91,95,67,31,74.15,3.21,Employed
S927,18,Male,IT,8,7.39,94,69,71,99,89,94,47,75,95,66,4,61,6,6,98,1,2,8,1,97,68,98,28,88.85,11.3,Employed
S023,23,Male,ECE,4,6.73,76,61,64,78,86,86,50,94,51,38,3,77,1,1,91,6,2,7,2,43,56,83,38,66.5,3.65,Not Employed
S495,24,Female,EEE,4,5.77,76,76,66,74,78,93,49,39,76,87,0,57,4,5,100,7,8,7,5,81,55,76,11,79.35,6.38,Employed
S899,23,Male,EEE,5,6.87,97,88,91,95,58,64,79,37,61,58,3,81,6,3,56,3,2,7,6,45,81,94,39,77.8,6.81,Employed
S981,24,Female,ECE,3,9.46,50,90,82,81,66,80,99,35,92,87,3,46,7,5,71,7,2,12,10,98,86,72,37,78.55,7.55,Employed
S825,19,Female,Mechanical,6,7.24,65,77,90,95,40,63,60,67,44,57,0,63,2,4,96,4,1,1,9,89,98,78,8,73.3,3.66,Employed
S813,19,Female,IT,6,5.6,89,60,76,77,74,72,45,78,58,86,4,49,6,3,86,6,6,4,7,51,47,65,3,87.1,8.14,Employed
S552,19,Female,IT,1,8.07,75,82,52,86,92,53,69,68,91,50,2,81,6,3,61,4,5,12,7,89,75,93,25,72.55,4.33,Employed
S928,18,Male,AI&DS,6,8.94,76,92,46,78,81,56,49,83,40,94,1,54,7,1,59,4,4,6,5,89,57,89,18,77.75,7.32,Employed
S321,21,Female,ECE,8,9.78,78,83,100,38,91,49,89,36,43,45,2,60,7,2,77,0,6,12,0,82,99,54,33,61.6,0.0,Not Employed
S398,22,Male,ECE,8,6.8,76,65,88,89,66,79,49,100,58,66,2,89,2,3,94,3,6,3,7,85,90,48,10,78.95,7.1,Employed
S257,19,Female,Mechanical,3,8.83,59,64,42,53,97,81,41,95,40,66,1,40,3,6,53,4,1,7,9,50,93,43,7,64.4,0.0,Not Employed
S963,21,Female,Mechanical,8,8.5,46,85,70,50,52,51,87,58,88,87,3,98,5,1,89,0,8,7,8,81,72,90,41,66.45,3.66,Not Employed
S974,21,Male,AI&DS,7,8.42,73,60,48,72,66,64,60,52,74,40,2,62,4,6,98,6,4,8,1,84,74,91,33,65.7,4.58,Not Employed
S269,23,Female,ECE,6,9.1,89,64,52,93,46,45,65,57,71,44,0,50,5,1,94,2,7,2,3,73,100,37,45,58.85,0.0,Not Employed
S720,18,Male,ECE,8,6.24,57,93,93,77,65,57,90,39,46,81,1,65,5,1,70,4,7,1,5,92,60,60,24,69.35,3.21,Not Employed
S830,21,Female,ECE,5,6.89,87,87,71,86,73,76,68,92,74,46,3,92,4,4,72,6,0,4,5,42,41,87,41,72.35,3.49,Employed
S432,23,Female,EEE,3,9.77,58,65,45,38,,40,80,54,38,45,4,64,1,6,96,2,7,10,10,89,62,58,13,55.75,0.0,Not Employed
S545,24,Female,CSE,3,9.45,73,67,93,83,38,68,95,61,83,41,3,68,7,2,63,6,1,1,2,72,98,50,32,72.5,3.33,Employed
S903,18,Male,CSE,4,,78,86,60,70,90,51,49,36,56,43,1,52,8,6,97,2,0,5,5,40,96,61,35,59.3,0.0,Not Employed
S616,21,Male,ECE,2,9.96,79,62,73,48,35,56,99,56,64,77,3,47,6,,73,8,6,8,10,92,65,63,2,80.15,6.73,Employed
S116,21,Female,CSE,2,7.31,92,77,84,82,93,100,71,76,35,46,3,80,6,1,100,8,6,3,6,92,53,98,46,79.1,5.81,Employed
S233,19,Female,IT,8,9.62,96,62,81,52,96,49,80,93,77,94,3,99,1,5,69,9,5,8,8,41,53,77,2,86.2,16.0,Employed
S524,21,Female,IT,8,6.21,100,71,65,71,35,74,93,77,94,57,0,64,7,4,76,3,0,9,3,48,79,99,43,73.6,5.0,Employed
S303,18,Female,AI&DS,6,9.88,70,73,85,84,89,87,78,67,44,47,4,43,1,3,65,7,5,9,10,91,78,40,23,72.4,3.01,Employed
S734,20,Female,AI&DS,7,8.4,97,96,94,76,49,69,44,79,55,61,4,97,2,1,99,2,2,12,9,87,62,38,36,74.25,3.18,Employed
S384,18,Male,ECE,8,6.86,83,71,81,83,46,89,69,83,70,91,2,40,2,1,55,1,7,10,10,98,72,63,8,85.45,8.23,Employed
S105,24,Male,IT,6,8.21,89,72,70,75,57,65,60,72,97,66,2,64,5,4,73,1,3,9,8,51,83,38,23,72.35,4.91,Employed
S642,24,Male,AI&DS,7,8.99,93,69,68,52,73,65,55,53,37,64,3,56,8,4,79,7,5,3,7,48,66,41,29,70.4,3.49,Employed
S179,24,Female,AI&DS,8,7.76,50,85,63,99,36,82,55,56,100,52,3,50,3,5,86,10,2,11,7,100,62,40,2,75.3,5.66,Employed
S306,21,Female,CSE,8,5.68,67,95,71,93,98,47,94,53,50,79,0,53,5,2,60,8,4,9,10,77,53,35,12,69.55,4.05,Not Employed
S100,20,Male,CSE,5,9.55,81,62,51,75,37,53,77,53,85,44,2,50,4,5,74,10,8,5,6,88,87,52,37,66.35,4.58,Not Employed
S427,24,Male,Mechanical,8,8.38,82,66,42,62,59,66,84,56,83,62,2,53,4,6,86,0,5,5,0,59,97,74,20,68.95,4.0,Not Employed
S469,23,Male,CSE,4,9.16,49,63,48,91,58,58,42,75,79,66,2,48,7,4,92,1,1,1,4,100,74,61,17,68.8,3.99,Not Employed
S946,24,Female,ECE,6,6.18,,92,80,86,67,,46,53,38,89,0,68,4,1,50,9,2,10,8,97,57,75,10,84.85,7.62,Employed
S114,24,Male,IT,1,7.52,67,65,,50,65,53,91,79,89,56,4,48,4,2,53,9,5,8,4,78,74,56,11,73.6,3.65,Employed
S304,22,Female,IT,7,8.52,53,95,42,57,68,50,72,98,78,94,1,45,6,6,83,6,2,4,1,60,42,51,41,62.6,0.0,Not Employed
S001,23,Male,CSE,5,6.6,53,66,83,46,89,42,41,46,62,64,4,78,1,5,62,10,8,6,3,68,77,70,11,69.45,4.62,Not Employed
S971,18,Male,ECE,3,7.82,87,97,61,58,94,80,57,46,44,88,4,40,7,5,93,1,6,1,2,91,70,86,1,85.85,11.92,Employed
S210,18,Female,AI&DS,2,5.56,58,91,99,45,94,91,80,42,81,88,2,90,1,5,67,8,0,11,1,93,59,44,,72.35,4.89,Employed
S874,23,Male,IT,3,6.84,100,93,86,72,49,93,90,94,50,80,4,59,8,2,66,4,3,0,5,54,71,100,20,92.55,13.34,Employed
S703,24,Female,EEE,6,9.91,93,67,56,59,69,65,74,54,65,74,4,57,1,1,60,7,3,0,0,82,94,100,19,82.35,6.3,Employed
S181,23,Male,EEE,5,7.19,59,93,65,80,79,71,90,96,35,99,1,68,3,2,54,8,4,3,2,51,50,81,40,71.9,4.2,Employed
S710,19,Male,CSE,3,8.38,76,97,74,58,48,80,52,68,88,56,4,74,6,6,81,10,7,3,6,95,92,64,20,81.15,7.62,Employed
S401,21,Female,IT,5,6.0,87,60,83,51,77,63,87,81,82,65,2,53,7,1,56,2,1,0,9,98,96,59,22,76.95,5.58,Employed
S883,24,Male,EEE,8,6.88,86,80,62,50,66,86,67,40,42,76,4,91,2,5,95,1,0,4,5,43,96,52,10,73.95,3.6,Employed
S310,21,Female,EEE,3,7.45,72,65,42,100,78,69,83,63,54,98,4,80,2,3,79,6,1,12,7,59,49,51,26,76.25,7.05,Employed
S881,19,Female,ECE,2,8.99,81,75,79,97,45,57,100,78,36,37,4,82,3,1,78,7,0,5,5,49,75,89,44,69.9,4.85,Not Employed
S803,20,Female,IT,1,8.46,77,68,50,96,55,40,43,57,62,72,4,48,4,2,92,2,0,4,1,57,57,97,5,77.75,7.96,Employed
S811,19,Female,ECE,3,9.5,87,63,63,65,63,55,56,60,39,65,0,45,6,6,83,7,6,0,5,86,57,82,22,71.1,4.73,Employed
S296,18,Male,EEE,2,8.98,65,81,93,84,65,99,67,62,53,48,1,53,5,4,76,4,0,7,8,63,84,49,17,70.8,3.63,Employed
S672,21,Male,ECE,3,5.58,60,91,64,63,100,81,99,53,49,69,2,73,5,6,56,4,8,12,4,87,65,37,9,68.7,3.13,Not Employed
S223,22,Female,EEE,4,8.18,59,61,62,45,96,48,72,95,82,58,3,71,8,2,60,,3,0,6,88,40,69,1,70.85,4.9,Employed
S144,24,Male,Mechanical,7,6.01,54,69,76,47,48,76,89,47,71,79,3,56,7,6,81,9,7,0,2,57,65,53,25,71.3,4.24,Employed
S170,22,Female,CSE,6,,54,62,49,76,41,89,99,73,97,80,0,90,6,5,64,2,8,1,8,50,66,86,26,69.9,3.18,Not Employed
S789,20,Female,EEE,4,7.96,56,80,91,64,83,98,91,73,86,52,4,43,6,3,53,7,7,4,0,65,63,92,4,82.15,6.86,Employed
S294,19,Female,AI&DS,2,6.17,46,75,91,74,94,71,75,90,89,39,1,50,5,2,51,4,4,10,8,51,81,40,7,64.75,,Not Employed
S490,19,Male,EEE,4,9.01,52,99,79,77,51,78,74,,37,83,0,89,6,3,99,8,1,10,0,73,53,81,31,69.3,4.07,Not Employed
S538,24,Female,CSE,4,6.44,90,76,58,82,38,60,67,83,76,60,1,79,8,3,56,1,3,2,5,86,70,95,30,75.25,7.86,Employed
S558,23,Female,IT,4,7.85,50,98,78,81,65,95,94,98,90,88,0,80,2,3,96,4,4,10,8,61,66,67,38,70.85,4.97,Employed
S201,19,Female,CSE,1,7.85,93,68,62,71,95,74,40,97,96,73,0,89,7,3,88,3,0,8,5,52,66,90,20,79.45,6.18,Employed
S845,24,Female,Mechanical,5,9.62,91,69,100,66,97,55,,59,92,44,1,46,3,1,55,0,1,8,7,72,42,65,47,62.45,0.0,Not Employed
S760,23,Female,IT,7,8.27,79,99,91,66,85,84,79,91,74,99,3,76,5,6,55,5,5,9,4,60,91,41,20,85.1,9.11,Employed
S213,19,Male,IT,1,8.97,89,77,98,100,54,46,42,93,80,54,1,56,6,5,65,3,4,12,4,45,76,86,35,75.3,6.71,Employed
S976,21,Female,EEE,7,6.78,49,68,63,,97,98,94,57,52,41,2,51,7,2,60,6,2,0,6,66,65,44,8,65.8,4.93,Not Employed
S746,21,Female,ECE,7,7.47,54,65,62,43,65,93,48,95,37,39,0,57,7,4,77,1,4,5,10,77,41,43,15,56.2,0.0,Not Employed
S382,20,Female,ECE,2,7.88,63,78,84,59,85,46,48,76,41,73,3,81,3,5,58,7,7,4,2,53,53,60,10,70.75,4.47,Employed
S026,22,Male,IT,7,8.48,49,92,81,78,36,94,66,97,48,90,2,80,8,6,59,6,2,11,8,81,57,96,41,78.65,6.39,Employed
S225,21,Female,CSE,4,7.83,70,62,75,84,41,52,58,91,85,73,2,69,3,4,68,9,0,11,8,97,49,94,3,83.6,7.49,Employed
S557,22,Female,EEE,2,8.97,83,90,54,91,73,92,47,93,54,44,2,96,5,1,74,4,1,10,7,67,77,56,39,68.95,4.75,Not Employed
S452,18,Female,EEE,2,7.45,74,96,90,79,71,47,40,98,53,94,1,73,5,5,85,10,2,4,7,58,44,72,20,80.05,5.05,Employed
S391,19,Female,CSE,3,8.46,54,84,76,69,41,98,86,82,66,88,3,51,8,3,79,8,4,4,6,73,100,64,34,80.85,5.92,Employed
S412,20,Male,AI&DS,7,7.09,76,87,70,87,77,48,91,66,84,88,4,71,8,5,84,3,6,1,9,85,66,63,12,83.75,7.11,Employed
S138,20,Male,AI&DS,2,7.08,95,66,86,35,41,64,68,88,56,87,3,96,7,3,84,6,1,7,9,81,88,63,8,86.25,9.63,Employed
S110,21,Female,CSE,4,6.43,93,64,76,48,58,63,60,60,93,49,2,82,8,5,90,5,6,9,6,77,47,79,44,69.55,3.7,Not Employed
S411,19,Female,EEE,5,7.07,51,77,98,98,82,99,56,44,35,54,1,60,3,4,78,7,1,1,9,67,86,70,3,75.0,5.43,Employed
S786,19,Female,CSE,3,6.4,47,89,44,90,75,83,40,35,96,67,0,96,5,5,95,5,4,3,10,49,91,94,20,68.45,3.83,Not Employed
S754,20,Male,EEE,7,6.01,72,62,71,66,57,71,58,63,77,83,2,46,8,5,92,10,6,2,4,80,42,88,11,83.5,7.11,Employed
S247,22,Female,ECE,6,9.82,96,78,58,56,39,84,99,73,68,42,3,77,3,5,53,10,4,12,9,41,58,97,54,69.3,3.17,Not Employed
S436,23,Male,IT,5,7.67,50,82,85,72,94,87,91,98,90,100,3,99,4,3,61,3,4,6,1,77,90,74,50,77.55,5.5,Employed
S996,20,Female,IT,7,9.91,55,70,78,82,54,47,71,98,41,75,3,64,1,2,76,1,6,2,4,74,67,38,20,66.0,3.9,Not Employed
S817,20,Female,AI&DS,4,7.61,52,77,98,42,40,99,88,80,54,91,4,44,1,3,70,10,8,10,0,42,41,54,39,72.45,3.97,Employed
S513,20,Male,ECE,6,9.54,97,87,78,85,44,62,71,38,63,57,1,63,6,3,82,0,6,1,10,54,48,98,40,69.75,3.38,Not Employed
S514,19,Female,ECE,2,7.03,86,71,67,54,71,59,64,96,39,68,3,51,3,4,93,8,1,7,1,62,83,47,18,73.9,4.31,Employed
S692,18,Female,IT,7,5.93,77,86,89,36,36,98,51,61,38,38,4,46,6,4,57,8,2,9,8,99,40,66,39,69.0,4.38,Not Employed
S705,24,Female,CSE,8,7.34,56,100,73,60,91,81,66,53,41,82,1,80,5,3,51,7,7,7,9,58,65,55,26,67.65,3.12,Not Employed
S120,23,Male,Mechanical,3,9.64,84,88,95,62,46,97,46,52,50,84,2,67,6,2,,4,1,3,8,78,78,71,0,87.0,15.79,Employed
S701,19,Male,IT,4,7.84,59,80,82,81,66,97,100,52,37,71,0,97,6,4,92,1,2,11,9,79,67,78,12,72.65,3.06,Employed
S457,22,Female,Mechanical,6,9.39,52,97,83,100,41,84,53,53,98,52,1,97,3,3,90,4,0,12,7,79,84,60,0,74.2,3.23,Employed
S450,18,Female,Mechanical,6,7.54,92,82,74,67,97,56,63,93,36,80,2,85,6,5,99,10,7,1,4,83,73,37,12,80.65,5.44,Employed
S837,21,Male,EEE,4,9.75,61,83,75,73,59,56,84,76,85,84,1,45,2,2,84,8,5,0,3,58,96,58,23,72.85,3.38,Employed
S081,23,Male,Mechanical,3,7.83,80,80,82,96,83,60,51,93,78,80,2,79,8,2,65,4,8,4,3,100,59,71,0,88.4,15.05,Employed
S511,21,Male,AI&DS,3,9.65,83,93,52,52,51,82,61,41,46,74,1,91,6,4,75,2,7,0,10,49,52,57,9,68.8,3.6,Not Employed
S964,22,Female,Mechanical,1,7.24,93,73,76,88,61,59,83,56,100,99,3,65,1,6,70,10,5,0,10,80,59,52,6,89.45,9.39,Employed
S465,22,Male,AI&DS,5,5.95,76,74,43,77,37,54,92,72,67,84,2,44,3,3,54,8,3,8,9,72,59,86,8,78.4,6.86,Employed
S191,18,Female,EEE,5,8.62,69,96,70,66,78,89,69,93,38,96,0,56,2,4,90,3,3,12,5,66,62,36,27,69.15,4.4,Not Employed
S265,18,Female,CSE,1,9.96,91,92,42,89,85,70,91,47,92,98,1,45,1,6,96,6,3,2,5,58,55,46,7,78.7,5.05,Employed
S307,22,Male,ECE,2,6.61,76,66,96,77,38,58,83,50,85,82,4,99,2,3,59,0,1,7,10,70,69,69,6,81.1,6.78,Employed
S399,22,Male,AI&DS,3,6.53,53,85,42,70,59,99,49,89,37,60,0,95,1,4,76,8,4,11,10,54,54,78,7,66.3,3.85,Not Employed
S347,24,Female,Mechanical,3,9.74,96,99,96,90,43,47,49,51,59,59,4,64,6,3,88,6,3,0,9,77,52,72,37,78.05,7.37,Employed
S353,21,Male,IT,3,8.1,53,79,100,36,98,91,82,80,78,63,3,67,7,6,84,4,5,9,0,76,90,39,10,74.0,4.84,Employed
S405,19,Male,EEE,2,5.51,67,100,78,82,76,45,100,68,52,87,4,58,6,1,90,0,5,3,4,51,56,37,20,71.35,4.07,Employed
S632,24,Male,CSE,2,6.75,80,94,57,51,47,99,87,89,61,40,4,43,1,1,71,9,4,4,6,55,54,63,40,66.95,4.24,Not Employed
S146,21,Male,AI&DS,8,6.45,97,86,87,97,82,92,43,100,55,43,2,85,7,2,99,8,0,2,3,96,93,60,54,78.5,7.51,Employed
S484,20,Male,AI&DS,5,6.13,58,95,93,100,56,41,78,40,59,35,3,93,1,3,63,4,6,11,7,73,48,93,23,64.7,0.0,Not Employed
S621,23,Male,EEE,8,5.81,56,89,57,84,41,56,77,50,97,57,3,58,3,1,68,9,5,6,1,83,49,44,1,70.95,3.4,Employed
S431,22,Female,AI&DS,7,6.37,86,85,93,41,89,48,100,84,57,86,2,73,3,4,64,1,2,8,1,80,76,85,0,80.95,7.53,Employed
S373,24,Male,AI&DS,4,5.77,56,72,56,87,91,80,98,48,56,45,2,45,7,1,67,1,5,0,9,55,70,97,11,68.45,4.35,Not Employed
S266,23,Female,AI&DS,8,9.36,92,97,41,93,94,89,48,86,58,82,3,85,1,6,54,6,5,8,,58,67,69,10,83.45,7.09,Employed
S839,22,Male,CSE,6,8.7,54,96,95,70,83,88,77,41,54,46,3,68,5,1,79,4,3,0,4,53,,75,8,72.25,3.12,Employed
S312,19,Female,CSE,2,7.37,90,79,60,93,92,79,91,68,78,58,1,51,2,6,88,4,1,6,8,41,40,85,32,70.75,3.23,Employed
S953,24,Female,Mechanical,1,5.58,59,99,44,41,45,76,54,66,82,60,4,79,3,2,60,4,7,1,1,100,77,63,1,71.75,3.76,Employed
S272,18,Female,EEE,3,7.48,68,71,53,39,75,62,49,82,92,55,4,59,2,1,75,7,2,7,5,49,40,99,13,70.95,3.66,Employed
S638,20,Male,AI&DS,7,6.9,78,64,54,46,41,76,81,57,71,95,3,97,3,2,51,3,1,1,1,57,92,57,17,75.85,6.6,Employed
S804,23,Male,Mechanical,3,9.66,100,93,87,49,43,66,63,60,36,51,0,48,1,6,63,0,4,11,2,54,94,51,49,58.4,0.0,Not Employed
S255,24,Male,EEE,4,5.51,89,90,47,80,77,83,59,86,42,46,2,74,6,1,79,4,3,2,8,42,64,59,43,65.0,3.6,Not Employed
S113,18,Male,AI&DS,5,5.65,59,94,58,56,93,76,87,98,100,49,4,47,5,5,73,8,0,12,7,74,53,89,10,76.25,5.31,Employed
S784,21,Male,AI&DS,3,6.75,100,90,51,99,55,98,75,76,70,35,0,45,8,5,91,8,2,2,4,85,68,65,65,68.25,3.18,Not Employed
S381,23,Female,Mechanical,4,7.73,90,84,43,77,54,92,85,61,63,41,1,94,8,6,75,4,2,0,8,65,61,89,49,66.5,4.36,Not Employed
S542,22,Male,EEE,2,7.89,96,92,94,46,94,79,81,59,44,90,2,69,8,6,59,10,5,1,2,81,76,78,6,90.7,12.54,Employed
S605,18,Male,AI&DS,2,7.85,90,75,45,81,80,61,45,87,78,43,3,65,1,5,76,10,6,11,2,75,92,46,47,67.1,4.63,Not Employed
S470,23,Female,AI&DS,8,8.71,68,95,58,66,69,60,84,99,48,41,2,97,7,6,89,7,4,1,3,98,48,64,27,65.85,3.61,Not Employed
S222,20,Male,ECE,3,8.45,81,70,60,43,50,51,60,53,38,75,3,66,5,4,97,10,4,2,3,46,48,58,6,72.45,3.05,Employed
S185,23,Male,EEE,1,,94,87,73,88,82,95,42,89,64,96,3,62,2,4,58,4,7,12,3,98,94,45,2,92.45,10.83,Employed
S107,24,Female,Mechanical,2,5.99,60,82,50,40,86,88,61,90,48,36,0,56,4,5,97,8,8,9,9,54,68,82,24,59.4,0.0,Not Employed
S329,21,Female,EEE,1,9.81,73,77,81,46,56,85,41,74,50,45,1,79,1,5,83,3,7,8,0,47,82,58,28,61.15,0.0,Not Employed
S622,21,Male,CSE,7,8.99,96,71,89,83,40,59,51,63,78,98,1,85,8,6,57,,2,2,2,87,100,38,2,87.7,12.38,Employed
S546,19,Male,ECE,6,8.87,65,86,52,61,46,91,72,81,96,67,4,47,8,1,50,6,6,6,1,62,63,74,2,81.9,7.51,Employed
S688,24,Male,IT,7,6.46,64,76,45,94,40,92,64,72,84,55,2,100,6,3,52,2,6,12,3,86,83,,9,76.55,6.02,Employed
S670,20,Female,ECE,5,7.5,57,100,49,61,84,62,52,66,97,97,2,67,1,3,50,6,7,2,0,90,96,42,40,68.15,4.5,Not Employed
S029,23,Female,IT,8,6.72,61,74,47,59,75,47,87,58,59,62,3,57,5,1,62,4,3,5,2,59,40,51,1,64.6,0.0,Not Employed
S374,18,Male,CSE,5,8.88,45,97,90,40,47,53,73,35,83,69,3,70,6,5,77,5,5,10,5,60,92,65,24,66.3,4.88,Not Employed
S575,24,Female,Mechanical,3,7.79,88,62,98,62,47,69,100,58,63,75,0,85,4,4,63,9,0,0,6,53,97,49,13,77.85,7.77,Employed
S276,22,Female,CSE,1,7.34,62,86,51,94,52,52,51,83,72,97,0,92,5,5,69,7,8,11,7,54,41,35,35,66.5,3.31,Not Employed
S248,22,Male,IT,5,6.1,62,77,94,67,36,87,47,57,54,92,2,91,3,3,100,3,7,2,8,95,42,78,30,75.8,7.95,Employed
S445,21,Female,EEE,4,9.01,57,64,57,89,56,83,59,48,53,94,0,87,2,2,51,7,2,4,0,70,82,92,37,72.05,3.7,Employed
S965,18,Female,CSE,5,8.42,80,87,88,44,86,83,86,91,38,87,3,53,3,1,98,1,6,12,2,76,99,36,7,78.8,6.42,Employed
S468,23,Male,EEE,8,5.73,94,84,84,51,90,84,67,52,49,91,0,97,6,3,62,5,6,0,3,54,45,36,3,77.4,5.68,Employed
S838,21,Male,Mechanical,3,5.65,60,72,59,93,72,51,56,87,61,48,0,59,4,6,78,9,6,8,10,91,82,85,12,70.55,4.56,Employed
S486,18,Female,CSE,7,5.95,90,93,60,59,39,100,80,36,66,52,4,64,4,6,62,4,7,2,7,92,51,98,38,74.75,3.57,Employed
S052,21,Male,CSE,6,9.3,68,67,88,70,63,91,67,38,69,38,1,57,5,3,72,0,2,2,9,82,65,43,30,61.1,0.0,Not Employed
S867,18,Male,AI&DS,1,8.56,91,84,88,86,48,77,96,80,61,37,2,64,5,1,85,4,3,7,8,82,94,72,54,70.45,3.86,Employed
S735,19,Female,IT,4,5.76,97,72,98,35,88,70,45,61,98,46,4,47,3,4,53,10,2,11,2,47,53,55,51,69.65,3.24,Not Employed
S716,19,Female,EEE,4,7.72,92,62,90,75,35,65,81,58,65,82,0,84,5,1,92,5,6,6,9,61,83,93,10,83.45,6.71,Employed
S264,22,Male,Mechanical,3,8.1,80,74,45,87,97,95,53,95,94,70,0,86,7,6,65,3,5,6,9,54,97,54,10,78.1,7.74,Employed
S944,18,Male,EEE,1,7.5,66,98,65,75,52,100,43,50,53,66,3,65,4,1,80,7,4,9,5,57,50,43,0,75.2,7.72,Employed
S133,23,Male,Mechanical,1,9.95,95,82,70,97,79,98,76,99,76,84,2,51,1,3,88,3,0,12,4,43,91,95,11,90.05,13.29,Employed
S363,19,Male,Mechanical,5,8.42,68,62,44,62,87,59,89,98,48,56,2,46,6,6,94,6,2,5,2,80,88,75,12,71.1,4.96,Employed
S024,21,Female,IT,7,6.75,98,86,56,45,95,41,87,41,79,63,0,89,1,1,65,3,0,9,2,55,48,,35,62.05,0.0,Not Employed
S044,20,Male,IT,8,9.85,63,81,91,49,94,44,49,63,85,81,0,90,7,1,66,8,1,7,5,83,87,68,18,73.8,4.17,Employed
S048,18,Male,AI&DS,1,7.11,95,75,77,76,37,51,56,41,51,88,4,47,2,4,78,5,8,9,1,68,72,63,7,83.0,7.84,Employed
S189,22,Male,AI&DS,8,7.48,57,93,58,59,39,90,78,100,64,56,0,63,4,6,50,2,1,4,6,62,82,85,1,70.0,3.81,Employed
S494,21,Female,IT,2,7.54,81,61,65,64,92,63,70,48,74,77,1,91,2,1,85,2,3,7,9,55,45,53,4,69.9,3.81,Not Employed
S439,21,Female,EEE,4,7.87,51,95,57,44,88,83,88,90,75,75,1,52,1,4,81,0,4,6,1,47,68,56,24,60.4,0.0,Not Employed
S498,23,Male,AI&DS,8,5.54,71,71,49,95,43,40,59,59,60,47,4,69,6,1,53,9,7,9,2,44,62,63,24,68.25,3.69,Not Employed
S664,19,Female,IT,7,9.92,78,83,44,98,74,87,59,87,37,38,2,60,3,6,55,2,8,9,9,94,46,81,40,64.9,0.0,Not Employed
S314,19,Male,ECE,4,5.89,94,89,49,95,89,41,47,56,54,91,3,70,1,4,87,3,3,4,9,93,93,85,3,84.7,5.15,Employed
S724,24,Female,IT,1,6.11,99,60,96,40,40,49,91,74,82,64,4,81,4,1,65,2,1,12,5,95,60,43,35,72.95,3.42,Employed
S607,22,Female,ECE,1,8.51,89,86,75,43,40,52,77,39,61,64,4,71,1,3,94,1,5,8,2,65,53,54,25,65.9,4.07,Not Employed
S523,19,Male,CSE,5,6.3,55,85,75,87,80,88,53,88,70,75,2,80,2,6,93,10,5,8,8,74,65,63,20,77.15,7.58,Employed
S768,19,Female,AI&DS,2,8.52,89,74,72,76,67,63,91,69,41,39,3,56,5,6,73,4,7,5,2,95,52,44,50,62.95,,Not Employed
S478,23,Female,AI&DS,7,9.24,47,69,64,45,44,99,54,99,88,50,4,91,1,5,80,10,8,8,7,60,57,59,3,72.2,4.67,Employed
S013,22,Female,AI&DS,6,9.46,60,83,58,55,91,93,74,73,,73,0,100,3,3,57,1,8,2,4,58,78,61,13,64.95,0.0,Not Employed
S615,21,Male,EEE,5,9.48,66,82,81,94,92,88,74,56,40,78,4,98,3,5,71,8,2,12,9,48,92,61,12,82.1,7.47,Employed
S390,24,Male,AI&DS,5,8.15,96,91,46,79,71,75,57,47,41,56,2,100,7,2,72,10,8,8,9,96,94,86,40,76.4,6.43,Employed
S756,22,Male,CSE,4,6.7,70,94,84,99,64,79,42,90,52,68,3,70,,5,78,9,1,6,0,79,93,43,2,83.9,5.27,Employed
S252,23,Male,Mechanical,2,5.89,83,68,64,58,49,84,51,67,72,94,0,80,8,3,99,6,5,4,2,89,44,70,11,81.4,7.33,Employed
S491,19,Female,Mechanical,4,6.81,55,83,61,87,62,75,86,66,36,39,0,88,2,5,75,7,0,2,4,59,41,64,16,58.9,0.0,Not Employed
S719,24,Male,EEE,7,7.16,46,91,73,68,84,100,94,76,37,76,3,89,5,3,64,0,3,4,10,79,47,100,30,71.45,4.65,Employed
S900,20,Male,Mechanical,3,6.72,67,82,77,79,49,64,42,51,48,48,4,82,2,3,84,9,1,2,6,74,96,86,19,74.75,4.99,Employed
S089,22,Female,ECE,1,8.01,88,79,86,37,85,56,92,35,62,44,0,67,6,6,54,8,0,1,7,42,58,87,44,61.05,0.0,Not Employed
S697,18,Female,Mechanical,8,7.41,80,69,79,61,68,58,87,40,49,65,2,97,1,5,78,3,5,4,3,70,95,52,15,68.7,3.81,Not Employed
S684,24,Female,EEE,1,6.91,75,62,72,90,94,41,42,41,35,68,1,64,6,6,71,1,5,11,8,57,73,54,7,68.2,3.81,Not Employed
S693,20,Female,Mechanical,8,6.69,63,98,47,88,35,96,79,62,85,82,4,90,6,2,53,1,4,9,1,91,47,71,19,79.15,5.33,Employed
S960,18,Male,ECE,2,6.68,72,63,59,97,87,87,46,72,63,93,4,98,5,3,63,7,0,6,6,45,74,92,21,87.0,16.43,Employed
S551,20,Male,Mechanical,5,6.98,74,97,73,69,51,60,67,82,53,39,3,80,1,2,61,0,2,10,0,93,90,65,35,63.2,0.0,Not Employed
S901,23,Female,Mechanical,7,6.65,80,87,90,100,88,48,53,94,83,42,0,72,5,3,79,4,0,8,3,68,92,46,38,66.55,4.95,Not Employed
S010,20,Female,AI&DS,2,7.49,100,95,46,41,36,45,99,65,56,87,3,70,4,4,53,2,6,0,6,56,99,93,13,78.6,5.86,Employed
S426,21,Female,Mechanical,7,9.2,80,98,52,44,53,60,82,75,36,54,3,99,3,4,70,1,6,4,8,86,40,92,26,64.75,0.0,Not Employed
S228,20,Female,IT,3,6.03,53,72,40,67,36,69,71,98,35,98,1,53,8,4,76,7,1,9,9,40,55,70,45,66.2,4.24,Not Employed
S421,20,Male,CSE,5,8.09,67,65,44,57,93,56,70,67,91,52,0,76,8,1,73,4,6,6,9,98,83,51,15,64.55,0.0,Not Employed
S653,18,Male,AI&DS,2,9.99,53,69,86,44,71,89,61,75,65,96,3,66,2,6,92,10,8,11,9,59,99,61,43,74.6,4.79,Employed
S799,19,Male,CSE,7,7.27,59,68,79,35,71,97,83,77,93,77,4,75,8,3,86,2,1,2,9,87,77,89,18,81.3,5.94,Employed
S742,20,Male,IT,8,8.16,94,82,63,71,89,93,51,66,67,96,0,48,5,4,77,0,1,0,8,43,89,50,2,81.05,7.39,Employed
S125,21,Female,CSE,8,9.37,55,83,50,67,48,97,76,49,64,100,0,42,1,2,52,7,5,6,2,51,99,39,45,64.45,0.0,Not Employed
S536,18,Male,AI&DS,5,7.76,65,93,70,48,73,99,79,61,54,76,1,52,7,2,60,9,2,5,8,70,81,88,11,79.3,7.34,Employed
S397,21,Female,CSE,7,7.7,76,68,60,86,99,86,99,84,51,49,0,90,1,2,59,5,8,0,10,55,43,78,27,65.25,3.86,Not Employed
S689,23,Male,IT,4,9.82,91,61,82,45,95,64,59,87,70,72,4,76,1,2,96,1,5,3,8,84,72,57,19,76.25,7.49,Employed
S771,19,Female,CSE,1,9.36,100,100,87,48,100,44,85,85,91,95,4,58,2,4,72,2,4,4,4,98,82,81,5,89.8,10.62,Employed
S079,22,Female,AI&DS,7,9.96,92,79,77,78,99,93,72,97,73,95,0,63,6,6,57,6,4,12,10,41,78,95,3,91.55,10.66,Employed
S990,19,Male,Mechanical,2,6.0,86,85,42,72,93,91,83,55,53,37,2,54,8,6,50,7,7,4,5,85,57,72,49,65.5,3.96,Not Employed
S888,19,Male,IT,3,7.69,58,87,48,100,48,56,80,68,69,93,0,73,4,5,70,3,0,9,6,76,91,40,35,66.3,3.84,Not Employed
S941,22,Male,Mechanical,2,8.04,98,70,78,40,56,51,89,44,82,73,1,79,1,3,66,8,0,9,3,51,97,55,25,71.3,3.7,Employed
S758,20,Male,AI&DS,6,9.58,62,79,71,53,68,47,79,47,89,75,0,95,4,6,68,4,0,12,9,66,65,43,13,63.55,0.0,Not Employed
S980,23,Male,IT,1,6.98,90,69,43,58,64,61,93,64,38,97,3,67,2,5,66,8,6,2,9,100,92,39,7,80.3,6.95,Employed
S790,20,Male,IT,7,6.22,81,71,86,36,39,74,99,77,76,48,0,71,5,6,51,10,1,3,1,100,45,47,33,65.9,3.93,Not Employed
S382,20,Female,ECE,2,7.88,63,78,84,59,85,46,48,76,41,73,3,81,3,5,58,7,7,4,2,53,53,60,10,70.75,4.47,Employed
S178,22,Male,IT,3,9.51,57,76,86,44,44,97,41,99,38,86,4,53,1,5,66,8,8,7,10,89,49,81,29,77.85,6.18,Employed
S242,23,Male,CSE,4,9.18,82,100,91,35,53,82,49,92,72,84,4,76,8,2,63,10,5,4,9,90,98,73,2,93.5,17.19,Employed
S816,24,Female,Mechanical,3,7.45,77,89,56,69,98,43,47,98,59,55,0,84,7,3,97,2,3,7,7,68,48,90,22,65.95,3.8,Not Employed
S371,24,Male,Mechanical,7,7.29,82,65,73,59,89,50,93,89,67,73,4,74,7,5,69,6,1,1,10,76,89,79,9,83.85,7.44,Employed
S174,23,Male,Mechanical,1,8.65,49,82,99,99,48,58,90,73,46,71,3,64,7,6,51,7,2,8,3,48,87,85,22,77.9,7.39,Employed
S561,23,,IT,4,6.74,95,63,60,93,68,89,90,55,61,76,3,88,6,2,81,1,5,5,9,74,87,64,19,82.85,5.95,Employed
S674,24,Female,EEE,4,8.33,87,98,76,80,47,64,70,60,66,76,0,94,6,3,80,3,8,5,7,54,67,37,11,72.95,4.38,Employed
S549,20,Male,ECE,1,8.81,54,86,42,83,56,50,46,36,79,63,0,66,2,1,80,7,6,8,7,48,94,35,9,59.95,0.0,Not Employed
S241,20,Male,AI&DS,2,8.83,90,96,93,97,49,77,78,94,76,47,3,51,5,4,54,9,1,10,9,89,92,83,43,82.85,5.98,Employed
S982,18,Female,AI&DS,5,7.71,52,70,60,63,44,82,52,96,75,86,0,40,1,4,81,7,3,10,2,44,71,79,34,67.5,3.12,Not Employed
S003,23,Male,CSE,4,8.98,50,74,95,47,83,57,69,81,55,82,2,53,5,6,93,10,1,9,10,50,74,66,32,70.0,3.33,Employed
S153,21,Male,IT,3,9.01,76,81,80,57,75,80,43,35,92,70,1,88,3,5,98,2,7,12,1,48,79,90,6,75.4,6.9,Employed
S164,24,Male,CSE,6,7.1,85,78,75,82,48,42,97,56,98,52,3,46,5,5,62,3,1,6,3,69,92,59,33,70.85,4.43,Employed
S915,21,Male,EEE,5,7.75,75,79,49,51,65,60,95,69,61,74,0,59,7,6,98,6,8,2,1,49,45,78,1,71.1,4.58,Employed
S559,18,Male,CSE,8,6.59,76,74,77,90,69,46,89,97,83,83,0,78,2,5,100,10,1,9,1,47,88,65,7,79.95,6.08,Employed
S857,21,Male,CSE,1,6.95,47,80,91,57,69,55,96,65,35,80,4,84,3,4,89,2,0,0,7,65,74,90,33,68.55,3.33,Not Employed
S062,19,Female,Mechanical,8,7.58,63,84,72,88,55,92,52,52,67,41,3,95,6,5,56,8,1,4,1,88,50,69,22,72.85,3.9,Employed
S385,22,Female,IT,2,9.07,56,84,70,90,73,76,48,47,76,43,4,51,7,6,51,6,8,8,8,71,44,50,13,70.2,4.51,Employed
S288,19,Female,ECE,3,6.91,69,91,88,49,97,82,75,95,95,55,4,43,7,3,81,9,6,9,10,62,89,71,14,82.05,5.96,Employed
S251,,Male,IT,1,8.53,98,64,40,87,47,73,46,92,79,63,2,56,4,1,51,9,1,0,9,82,97,62,35,78.4,7.85,Employed
S868,22,Male,EEE,8,9.61,46,67,73,95,55,66,96,39,38,49,1,67,6,6,57,0,3,4,4,59,100,67,3,64.8,0.0,Not Employed
S103,21,Male,CSE,2,7.09,50,98,78,76,84,40,58,87,84,45,4,97,4,5,83,2,6,2,2,57,59,69,5,67.65,3.99,Not Employed
S040,19,Female,AI&DS,2,7.45,51,100,85,47,91,50,84,73,38,40,2,90,1,3,72,5,6,2,3,73,66,58,11,58.5,0.0,Not Employed
S769,18,Male,AI&DS,3,9.71,73,78,89,97,45,68,68,85,61,66,2,81,3,4,60,0,3,8,8,64,83,56,7,76.55,7.46,Employed
S050,22,Female,CSE,2,9.34,86,95,86,62,90,68,96,64,87,78,3,65,7,6,56,5,6,5,10,56,63,54,8,82.2,7.06,Employed
S074,20,Male,EEE,3,8.16,82,69,50,78,40,92,95,38,45,40,4,56,4,5,76,9,0,7,10,74,58,73,42,68.55,3.97,Not Employed
S177,20,Male,EEE,6,9.13,72,70,40,75,66,90,54,90,70,81,1,83,6,4,79,7,5,12,4,71,75,48,9,77.4,5.53,Employed
S458,18,Male,EEE,2,7.84,60,73,46,95,38,93,72,91,85,42,0,59,7,4,61,3,8,4,9,83,68,50,18,66.55,3.86,Not Employed
S136,24,Male,EEE,6,9.82,68,85,77,47,78,59,60,52,55,90,3,81,6,2,95,8,5,3,10,77,92,57,22,76.5,6.14,Employed
S681,22,Male,IT,2,6.67,66,95,48,57,40,67,71,61,52,63,0,73,3,5,78,1,6,11,10,74,45,76,3,63.6,0.0,Not Employed
S563,22,Female,EEE,3,7.29,89,64,52,46,46,85,78,86,68,53,2,74,6,4,58,6,1,11,4,79,76,45,36,68.45,3.65,Not Employed
S851,19,Female,IT,7,6.55,60,89,82,54,87,51,92,72,58,40,3,64,2,3,92,4,8,0,10,82,75,78,20,64.35,0.0,Not Employed
S924,24,Female,IT,7,8.5,46,84,91,91,80,44,67,50,66,81,1,45,6,1,97,1,6,4,2,64,44,35,35,60.7,0.0,Not Employed
S975,24,Female,Mechanical,1,9.87,100,85,92,69,100,74,49,50,80,92,3,55,6,3,95,6,6,2,3,48,54,89,8,91.3,8.38,Employed
S046,20,Female,EEE,3,9.48,86,66,93,97,87,100,100,70,39,82,1,68,8,2,73,1,5,8,10,62,43,85,4,87.0,10.76,Employed
S099,19,Female,Mechanical,2,8.44,99,62,45,86,83,64,75,95,42,36,1,45,8,4,91,5,1,8,0,54,53,95,63,63.6,0.0,Not Employed
S518,19,Male,Mechanical,8,7.44,62,82,69,66,93,42,44,76,82,39,1,78,2,4,82,1,5,10,4,67,65,37,23,54.5,0.0,Not Employed
S555,20,Male,ECE,5,7.25,78,86,97,95,94,60,48,73,35,44,2,85,5,2,96,9,1,0,6,48,49,96,34,72.65,4.64,Employed
S435,18,Female,IT,8,9.98,83,94,40,55,67,99,47,59,38,37,4,72,3,2,73,1,3,0,5,48,54,45,46,56.65,0.0,Not Employed
S892,20,Male,Mechanical,3,,59,65,79,39,80,68,69,52,35,69,2,44,1,1,95,7,4,1,9,53,50,69,10,65.6,3.74,Not Employed
S246,22,Female,Mechanical,6,6.01,75,65,49,70,94,73,45,46,66,95,0,83,5,5,53,5,8,12,0,70,69,100,20,76.75,7.72,Employed
S150,20,Female,IT,5,8.45,86,79,52,54,65,97,43,86,75,52,0,81,8,3,66,6,6,6,0,77,85,59,34,70.15,3.69,Employed
S741,20,Female,IT,3,9.22,88,100,81,35,63,84,85,71,39,66,0,47,1,5,73,6,7,9,10,68,63,89,22,70.85,4.79,Employed
S729,22,Male,Mechanical,8,9.82,86,90,51,43,93,83,53,60,91,62,4,81,3,1,70,2,2,2,9,76,98,62,24,73.45,4.48,Employed
S550,20,Female,ECE,5,6.08,87,94,63,47,96,71,87,60,51,63,4,48,3,2,92,1,1,11,6,58,96,48,24,69.35,3.5,Not Employed
S071,19,Female,Mechanical,8,6.4,53,64,68,57,91,45,91,75,79,43,4,74,5,3,60,10,2,12,5,72,54,50,10,66.7,4.97,Not Employed
S641,22,Female,EEE,7,8.88,78,86,50,99,98,48,91,39,61,44,4,63,5,1,88,6,6,6,4,63,41,75,34,66.5,3.97,Not Employed
S305,21,Female,Mechanical,6,9.67,63,76,79,68,75,67,97,56,75,97,1,75,8,1,62,2,0,3,2,42,70,68,34,72.05,3.33,Employed
S357,22,Male,Mechanical,2,6.8,74,82,84,73,85,79,92,57,88,66,1,97,7,4,74,10,2,11,9,46,65,40,8,76.8,5.72,Employed
S970,18,Male,ECE,5,5.69,48,73,41,100,39,73,80,43,93,55,3,49,3,5,76,8,2,10,4,93,59,76,7,72.6,4.5,Employed
S471,22,Male,CSE,6,8.76,95,69,42,65,91,81,88,93,49,37,3,93,1,3,67,9,6,4,1,43,57,84,58,63.6,0.0,Not Employed
S707,19,Male,AI&DS,8,6.54,53,80,62,56,60,62,98,86,48,94,4,99,2,4,50,3,2,10,1,45,78,55,41,66.05,3.0,Not Employed
S995,24,Female,Mechanical,3,5.7,63,95,78,71,71,99,61,63,100,46,0,75,1,6,85,1,8,9,6,62,80,79,17,67.35,4.06,Not Employed
S630,21,Male,CSE,5,8.37,58,98,90,78,58,96,81,98,82,66,3,70,5,5,79,8,5,2,4,78,44,67,8,82.4,5.37,Employed
S280,18,Male,AI&DS,1,7.66,64,83,48,91,78,51,85,73,38,50,1,48,3,6,64,4,2,3,2,45,67,49,14,60.05,0.0,Not Employed
S211,22,Male,CSE,4,7.89,57,72,73,66,57,75,87,88,48,80,3,84,7,1,60,2,8,6,8,61,82,55,23,72.65,4.07,Employed
S808,21,Female,ECE,1,7.22,89,85,99,54,45,76,72,85,81,81,0,59,5,3,69,10,0,7,6,65,52,74,8,84.35,6.81,Employed
S737,19,Male,EEE,4,5.67,81,72,67,83,78,53,74,36,57,93,2,89,2,2,98,4,2,1,1,58,41,85,12,76.8,6.88,Employed
S800,21,Male,AI&DS,4,7.39,96,71,91,36,53,69,63,80,58,44,2,69,8,1,94,9,2,0,7,47,45,79,52,68.1,4.68,Not Employed
S534,18,Female,CSE,8,9.0,57,97,91,93,35,56,88,87,69,98,1,61,8,5,68,10,4,4,8,55,61,70,41,77.9,7.03,Employed
S009,23,Female,AI&DS,8,9.13,57,66,46,90,80,67,66,94,41,47,0,65,6,1,65,3,3,8,7,48,67,58,10,61.9,0.0,Not Employed
S279,24,Female,Mechanical,5,6.72,89,83,46,80,53,40,48,71,82,97,3,61,3,1,63,2,8,3,3,90,97,49,8,81.1,6.25,Employed
S912,19,Female,IT,7,8.76,64,71,97,53,91,66,54,73,84,38,0,79,2,3,65,0,5,7,10,53,86,74,26,60.0,0.0,Not Employed
S798,23,Male,Mechanical,3,6.48,59,79,61,47,43,40,87,39,40,88,0,62,4,1,90,8,8,6,8,56,55,36,29,57.5,0.0,Not Employed
S665,18,Male,IT,6,6.93,52,71,76,62,45,54,43,70,74,,4,99,5,5,92,4,1,6,0,59,98,88,7,71.55,3.19,Employed
S815,24,Male,ECE,7,6.49,94,89,54,48,37,41,74,50,98,80,1,49,2,1,73,8,7,1,8,57,60,55,14,71.55,3.42,Employed
S049,18,Female,ECE,1,5.77,75,85,67,48,97,85,98,91,44,45,2,78,3,1,58,4,8,11,5,64,78,72,30,65.55,3.91,Not Employed
S978,22,Male,CSE,5,9.53,97,75,46,76,60,78,73,59,45,54,1,65,1,1,50,1,4,4,0,81,82,94,43,66.85,4.86,Not Employed
S780,23,Female,EEE,2,7.14,68,97,67,58,81,69,94,44,93,83,0,84,4,2,51,1,2,6,5,69,94,58,15,69.9,3.76,Not Employed
S464,23,Male,AI&DS,1,9.15,45,83,89,87,44,61,51,98,59,61,4,92,8,5,72,5,8,2,1,68,67,83,16,77.1,7.62,Employed
S410,19,Female,Mechanical,2,7.71,52,74,46,71,80,44,79,77,50,81,0,97,1,5,59,2,6,8,5,78,51,89,29,60.1,0.0,Not Employed
S989,22,Male,CSE,2,8.2,84,65,74,71,63,45,45,60,53,84,3,46,2,3,84,4,8,5,8,43,61,55,0,76.45,7.4,Employed
S324,22,Female,CSE,1,8.9,52,88,59,35,93,61,55,64,79,73,2,82,3,6,74,8,3,1,5,73,77,59,,65.35,4.65,Not Employed
S609,24,Male,Mechanical,4,6.4,81,79,93,62,73,63,69,41,64,67,1,72,1,3,50,3,2,5,3,71,100,84,14,74.3,4.44,Employed
S175,24,Female,Mechanical,3,6.84,95,83,100,36,53,47,42,35,85,45,2,53,6,2,76,10,8,2,2,51,54,67,50,65.25,3.39,Not Employed
S057,19,Male,AI&DS,8,7.59,81,97,68,76,75,49,68,43,95,91,2,90,5,5,53,5,8,1,4,69,68,39,10,77.35,5.17,Employed
S902,18,Male,ECE,5,8.29,81,68,45,90,73,42,43,86,60,85,4,86,3,2,100,5,3,4,8,57,72,90,4,82.85,5.81,Employed
S951,18,Female,AI&DS,3,6.28,100,82,40,48,58,62,86,86,56,73,3,51,7,2,87,4,2,10,0,45,94,56,27,73.85,4.59,Employed
S654,23,Male,IT,3,7.26,67,64,43,39,67,64,51,98,94,85,2,68,3,3,97,6,5,12,9,95,84,58,18,73.25,3.01,Employed
S318,19,Male,EEE,1,9.13,66,87,47,64,50,75,54,97,68,78,2,89,1,5,67,2,8,9,10,46,85,41,12,68.4,4.85,Not Employed
S763,23,Female,Mechanical,7,7.44,71,63,60,90,68,50,40,74,75,89,2,71,8,3,84,0,7,12,4,89,60,63,18,76.6,5.58,Employed
S340,20,Male,Mechanical,2,5.63,72,61,77,77,67,,46,95,65,78,0,92,6,5,100,3,1,12,9,79,68,47,6,74.25,4.25,Employed
S909,20,Male,ECE,5,8.6,53,89,54,80,59,66,59,55,63,79,3,41,1,3,55,2,1,12,8,100,48,77,26,68.2,3.21,Not Employed
S036,21,Female,CSE,1,9.88,83,75,85,55,74,75,40,87,46,63,0,69,,6,59,7,4,8,4,66,93,96,20,75.4,7.94,Employed
S628,21,Female,ECE,6,6.87,79,98,60,74,95,72,71,84,52,95,2,45,8,3,84,8,1,4,10,57,99,69,16,84.7,7.62,Employed
S569,22,Female,ECE,7,8.63,53,81,51,47,74,62,51,90,67,98,0,51,5,4,62,3,5,10,10,45,61,92,45,63.55,0.0,Not Employed
S507,20,Male,Mechanical,3,6.9,69,78,51,70,52,76,60,87,63,59,2,96,4,2,68,4,7,4,1,71,62,81,10,72.55,3.7,Employed
S574,22,Female,IT,8,9.97,94,78,89,42,40,52,100,46,74,57,2,87,1,5,51,0,4,6,3,62,74,41,37,61.5,0.0,Not Employed
S250,19,Female,CSE,5,9.67,73,84,83,75,40,46,98,80,90,69,2,57,5,1,66,10,6,7,10,87,55,59,4,80.0,6.56,Employed
S534,18,Female,CSE,8,9.0,57,97,91,93,35,56,88,87,69,98,1,61,8,5,68,10,4,4,8,55,61,70,41,77.9,7.03,Employed
S827,22,Female,CSE,3,8.78,50,69,59,44,60,76,55,90,86,94,4,76,8,4,52,9,8,7,3,44,50,89,44,74.8,3.98,Employed
S761,22,Male,Mechanical,3,5.76,88,90,63,66,83,96,84,40,79,49,0,70,2,4,93,0,3,9,8,88,89,85,39,66.4,3.41,Not Employed
S387,19,Female,CSE,5,8.47,73,68,76,97,75,73,98,80,100,61,0,82,1,2,52,3,2,4,3,48,78,62,12,72.5,4.18,Employed
S662,23,Male,Mechanical,8,8.01,74,84,60,82,60,97,42,39,92,59,0,76,6,1,92,5,5,6,0,60,95,94,15,76.7,5.26,Employed
S795,22,Female,IT,4,9.59,88,96,61,53,40,63,64,,39,42,3,71,1,6,51,6,6,8,0,44,74,84,46,60.95,0.0,Not Employed
S135,19,Female,EEE,5,6.29,47,65,43,64,63,41,73,96,35,77,4,52,3,3,95,2,,0,0,49,77,53,30,60.25,0.0,Not Employed
S007,18,Female,IT,4,5.76,81,65,45,97,43,88,74,51,51,95,4,50,5,5,88,6,3,8,3,85,59,86,14,87.8,17.95,Employed
S182,24,Male,Mechanical,4,7.37,66,67,70,96,96,53,77,55,87,37,1,42,3,5,87,2,2,10,8,42,97,53,29,60.05,0.0,Not Employed
S767,23,Female,CSE,3,8.79,55,63,53,67,64,87,88,96,78,64,3,62,7,5,,7,8,5,10,50,63,68,9,75.35,7.84,Employed
S011,23,Female,AI&DS,4,6.84,48,97,87,42,75,43,43,96,99,55,0,72,2,2,54,9,1,10,3,65,47,66,7,63.85,0.0,Not Employed
S053,19,Male,CSE,4,7.19,74,81,50,82,74,86,60,45,41,54,1,88,1,6,55,4,7,10,6,71,78,91,20,68.25,3.83,Not Employed
S326,21,Female,Mechanical,7,9.21,54,92,48,97,93,48,85,100,50,62,3,70,1,6,60,8,5,1,9,94,66,49,8,70.3,3.24,Employed
S281,18,Male,ECE,7,5.69,51,62,90,100,42,70,47,67,40,43,2,82,1,1,100,1,3,9,3,51,82,79,8,67.1,3.06,Not Employed
S261,24,Male,IT,1,6.37,95,69,83,95,98,51,50,40,41,81,2,53,7,3,71,9,7,0,1,87,43,57,14,82.55,5.47,Employed
S058,24,Female,CSE,2,8.27,77,84,69,40,92,98,91,59,76,95,4,49,1,4,56,5,1,8,10,51,42,66,18,78.5,7.12,Employed
S202,19,Female,ECE,4,6.68,72,100,55,69,71,81,87,69,87,59,0,51,3,3,57,10,7,9,7,57,84,97,13,75.15,5.56,Employed
S885,18,Male,Mechanical,6,7.95,100,87,45,81,72,68,82,66,46,77,3,92,7,2,87,7,2,5,5,90,96,49,23,81.5,5.3,Employed
S383,18,Female,Mechanical,2,8.55,99,69,64,89,56,99,43,47,80,95,1,100,1,1,82,10,5,9,6,49,80,86,4,91.6,10.45,Employed
S083,23,Female,AI&DS,2,8.27,82,75,55,41,63,80,54,41,47,87,2,85,8,1,93,2,0,8,2,66,81,95,5,79.65,6.43,Employed
S747,24,Male,CSE,8,8.15,87,89,47,67,39,41,87,68,65,43,4,88,5,5,50,5,3,10,1,60,90,57,44,63.55,0.0,Not Employed
S861,21,Female,ECE,2,7.57,77,67,62,88,66,74,84,73,79,98,1,87,1,6,96,2,6,6,,84,92,86,21,81.2,6.6,Employed
S985,19,Female,CSE,5,7.08,57,76,42,44,80,72,40,79,79,45,0,60,8,3,67,9,6,10,5,55,78,49,12,61.75,0.0,Not Employed
S759,21,Female,Mechanical,2,8.98,53,76,78,40,35,95,65,94,53,47,2,45,8,3,76,8,1,12,3,93,60,58,6,71.9,4.84,Employed
S610,21,Female,EEE,3,9.64,75,95,78,71,66,44,79,48,35,38,4,43,1,3,50,4,7,6,9,50,46,41,37,56.05,0.0,Not Employed
S871,18,Male,EEE,4,6.91,76,65,48,71,,86,62,62,48,56,4,43,1,6,65,6,2,10,2,100,45,43,20,69.45,4.86,Not Employed
S355,19,Male,ECE,5,6.43,63,93,44,,42,63,73,36,56,76,3,65,3,1,58,8,6,7,1,64,97,61,13,73.95,3.26,Employed
S300,24,Male,EEE,7,9.07,65,88,70,52,68,51,83,76,71,60,0,66,6,2,75,6,3,0,0,99,75,64,5,69.75,4.81,Not Employed
S659,23,Male,ECE,1,5.95,92,76,50,72,67,66,50,89,61,55,2,46,5,3,84,8,1,1,2,95,47,35,37,68.4,4.91,Not Employed
S453,18,Male,IT,2,5.74,64,60,67,80,35,43,56,52,79,71,4,82,3,1,95,4,2,11,3,67,77,45,7,72.35,3.58,Employed
S002,18,Male,Mechanical,7,7.03,54,73,88,78,48,45,64,47,80,79,4,56,1,6,79,8,1,6,1,75,58,81,25,74.3,4.15,Employed
S500,22,Female,IT,5,9.85,92,99,82,95,61,50,40,64,62,46,4,49,3,2,80,0,5,1,0,48,72,91,46,70.0,3.85,Employed
S300,24,Male,EEE,7,9.07,65,88,70,52,68,51,83,76,71,60,0,66,6,2,75,6,3,0,0,99,75,64,5,69.75,4.81,Not Employed
S699,22,Female,EEE,7,9.41,87,78,93,93,46,,73,72,53,81,4,64,4,2,71,9,1,4,0,89,72,74,6,94.8,13.69,Employed
S527,24,Female,IT,2,8.72,83,94,85,38,91,70,92,42,72,85,0,63,7,6,82,10,7,6,1,46,49,68,2,78.25,7.27,Employed
S579,22,Female,ECE,3,7.49,94,62,82,99,59,89,53,75,40,36,1,61,5,2,72,7,3,10,0,65,64,54,58,66.5,4.89,Not Employed
S141,19,Male,Mechanical,5,9.9,75,67,59,85,95,71,97,68,46,84,1,63,7,3,61,7,0,4,7,69,56,63,9,78.25,7.51,Employed
S368,24,Female,CSE,7,7.42,50,79,78,54,57,56,64,94,74,93,2,64,8,1,71,2,7,3,2,98,52,35,43,66.2,3.03,Not Employed
S028,22,Male,CSE,4,8.74,76,95,88,65,95,81,85,97,92,37,0,58,4,4,94,3,4,10,9,63,70,79,39,65.7,3.85,Not Employed
S792,23,Male,AI&DS,8,9.56,95,96,62,42,36,50,95,88,41,45,2,47,6,2,96,2,5,12,10,83,83,68,50,61.95,0.0,Not Employed
S117,24,Female,IT,3,8.05,76,81,97,41,40,46,80,93,37,50,1,68,8,1,77,3,2,10,4,50,95,70,26,66.15,3.19,Not Employed
S496,21,Male,CSE,7,8.65,69,68,88,36,55,73,87,50,56,60,3,95,2,1,77,7,2,10,8,71,48,88,9,72.75,3.8,Employed
S797,24,Male,IT,6,5.54,55,100,62,36,44,71,53,83,75,67,1,97,7,2,68,1,7,8,4,51,77,42,12,62.9,0.0,Not Employed
S446,18,Male,IT,7,6.45,70,92,67,100,77,43,68,69,82,47,0,81,7,6,77,3,4,3,6,51,78,70,23,65.8,4.06,Not Employed
S472,21,Male,ECE,7,7.5,59,73,64,58,90,74,43,74,39,79,0,98,6,3,98,9,3,12,0,61,86,90,20,72.7,4.73,Employed
S696,24,Male,EEE,4,7.13,70,98,45,38,84,49,83,93,44,76,1,46,3,2,66,5,5,0,6,72,75,58,6,66.7,3.87,Not Employed
S224,19,Male,AI&DS,2,6.3,73,99,71,76,93,96,55,89,86,40,4,87,7,6,70,6,8,8,10,96,85,39,33,74.5,4.04,Employed
S454,18,Female,IT,4,9.15,85,84,67,86,47,97,56,73,74,57,4,67,6,5,58,10,3,4,2,66,75,60,28,82.2,5.9,Employed
S330,18,Female,AI&DS,4,9.23,98,97,68,45,76,65,77,40,97,37,2,67,3,4,51,8,5,6,4,45,47,47,61,57.25,0.0,Not Employed
S806,22,Male,ECE,8,7.57,70,97,46,63,51,89,44,37,55,46,3,83,2,4,69,6,0,2,9,87,73,62,24,65.5,3.24,Not Employed
S078,24,Female,EEE,2,6.08,51,85,63,78,81,88,49,60,100,86,4,42,1,1,58,5,7,8,7,49,78,100,35,76.65,5.42,Employed
S922,21,Male,EEE,2,9.01,75,69,48,60,84,56,70,97,50,60,3,61,4,1,78,6,8,1,0,51,91,71,15,71.45,4.09,Employed
S581,20,Female,,3,9.56,88,74,40,83,35,76,43,84,50,63,0,76,2,1,91,7,6,4,10,79,64,92,25,72.65,4.82,Employed
S407,24,Male,AI&DS,8,9.75,56,78,41,74,55,96,51,85,59,43,1,44,7,2,79,10,6,1,8,48,86,36,13,65.8,4.21,Not Employed
S253,21,Female,IT,1,6.66,97,76,51,91,43,71,99,60,85,57,3,46,3,5,99,6,3,9,10,46,98,91,40,76.65,7.15,Employed
S564,19,Female,CSE,4,7.97,87,77,41,98,63,93,84,63,66,63,3,81,4,2,50,4,3,0,9,70,93,91,24,80.6,6.24,Employed
S608,23,Female,IT,6,7.8,55,72,88,67,77,52,60,68,85,50,2,68,1,4,88,10,8,12,6,53,51,49,5,66.95,3.08,Not Employed
S101,23,Male,EEE,6,5.74,72,74,93,44,78,78,89,,76,38,2,90,8,4,64,5,8,6,6,51,83,83,34,69.25,3.17,Not Employed
S161,21,Male,ECE,8,5.71,61,80,40,63,78,73,73,47,90,66,3,62,7,2,85,9,0,0,10,99,50,99,5,78.7,7.55,Employed
S160,21,Female,ECE,8,9.1,86,70,47,51,42,100,94,55,48,88,4,70,8,2,89,6,5,9,0,95,83,51,2,86.35,12.83,Employed
S634,19,Male,IT,2,5.51,87,79,67,84,92,53,54,47,45,87,3,68,3,6,74,9,6,0,8,88,57,61,0,83.65,7.65,Employed
S840,19,Female,CSE,3,6.23,80,99,100,70,89,65,61,58,92,78,1,52,4,2,83,2,3,0,2,41,48,77,2,78.85,6.2,Employed
S235,19,Male,IT,1,9.0,50,88,72,38,96,97,72,54,59,78,3,86,5,3,59,1,8,10,2,53,86,39,28,64.7,0.0,Not Employed
S501,21,Female,IT,2,6.58,70,84,89,84,95,62,59,75,45,62,1,100,5,6,59,6,8,7,7,84,90,67,8,76.7,7.06,Employed
S516,20,Male,AI&DS,7,7.89,69,65,49,35,78,100,99,68,60,100,4,86,8,4,53,7,4,0,1,95,71,93,31,83.5,6.1,Employed
S749,21,Male,AI&DS,4,7.68,48,91,70,69,66,54,93,57,76,90,1,53,5,5,86,1,7,12,0,44,,68,42,62.9,0.0,Not Employed
S055,21,Male,EEE,6,5.82,100,62,67,37,93,98,44,75,89,86,3,58,2,4,51,5,2,12,9,69,93,81,14,87.0,8.88,Employed
S762,20,Male,ECE,3,5.95,82,76,60,82,42,64,71,35,41,38,4,81,5,2,69,8,4,2,0,58,98,83,44,68.2,5.0,Not Employed
S086,23,Female,ECE,6,5.89,87,66,51,52,96,60,99,66,35,68,3,55,8,3,71,4,0,4,10,63,84,65,19,72.9,3.12,Employed
S630,21,Male,CSE,5,8.37,58,98,90,78,58,96,81,98,82,66,3,70,5,5,79,8,5,2,4,78,44,67,8,82.4,5.37,Employed
S702,24,Male,ECE,6,7.95,54,87,82,69,46,90,75,83,83,79,3,80,2,2,50,8,7,12,6,46,83,53,25,75.25,7.3,Employed
S145,23,Female,CSE,7,9.5,66,75,43,95,69,97,63,37,78,73,2,57,8,6,93,1,3,2,4,87,68,76,7,78.5,5.81,Employed
S438,18,Male,IT,7,9.06,67,75,44,62,82,63,49,75,50,36,2,84,1,6,71,3,7,9,5,97,54,43,31,54.4,0.0,Not Employed
S863,22,Male,ECE,5,8.32,54,99,66,89,73,44,88,91,85,97,0,75,1,5,100,9,7,4,10,83,71,67,43,69.7,4.12,Not Employed
S115,23,Female,IT,5,9.79,77,66,48,87,42,57,95,51,51,66,1,85,6,2,98,10,6,7,2,76,80,69,11,74.9,4.26,Employed
S522,22,Female,IT,5,8.88,73,89,41,54,56,79,62,90,88,37,2,75,8,2,74,8,2,6,9,100,94,50,36,66.8,3.19,Not Employed
S166,21,Female,EEE,4,6.73,66,78,68,52,52,66,78,100,73,75,4,80,4,2,63,9,4,10,5,98,83,51,9,80.3,7.94,Employed
S878,20,Male,,1,8.6,52,63,74,78,96,54,76,37,64,78,1,46,2,5,88,6,8,4,4,50,81,72,26,65.7,3.78,Not Employed
S219,18,Male,ECE,5,8.48,87,83,95,48,37,58,95,84,64,83,4,85,2,3,81,9,8,1,2,52,72,93,4,87.7,13.61,Employed
S463,18,Female,IT,1,9.66,65,66,84,92,83,48,80,60,60,67,3,68,5,2,62,2,6,8,3,45,77,38,2,72.3,4.26,Employed
S932,,Female,EEE,3,6.48,78,87,86,99,95,78,43,87,38,68,4,98,7,5,93,3,2,0,5,89,63,65,10,84.85,5.78,Employed
S066,21,Male,Mechanical,7,9.91,61,61,62,43,79,55,86,48,77,52,0,62,6,6,61,10,7,11,7,80,51,52,9,62.8,0.0,Not Employed
S829,19,Male,EEE,6,6.32,52,69,42,55,50,77,44,80,38,79,3,91,7,3,68,9,7,12,4,70,40,41,27,66.2,3.0,Not Employed
S348,20,Male,CSE,5,9.43,99,92,77,97,61,86,45,95,43,56,4,64,6,4,83,7,2,5,5,73,84,96,43,85.25,15.16,Employed
S983,21,Male,EEE,3,9.85,54,81,93,44,60,73,70,59,61,93,0,52,5,6,61,4,4,4,7,58,75,35,39,63.25,0.0,Not Employed
S802,22,Male,Mechanical,6,8.06,74,90,50,47,83,75,73,40,41,78,1,70,4,1,85,6,2,8,9,70,97,57,4,71.4,4.61,Employed
S925,21,Male,AI&DS,4,7.14,97,93,89,68,55,58,94,62,49,63,4,48,5,5,68,8,1,3,0,40,59,48,34,74.5,4.48,Employed
S400,18,Female,Mechanical,1,6.87,62,83,57,79,88,55,60,41,58,40,0,43,6,2,68,7,4,9,1,67,51,67,22,59.15,0.0,Not Employed
S130,24,Male,AI&DS,6,6.17,90,75,62,85,100,43,83,73,68,57,0,100,7,4,85,8,3,1,7,46,91,52,33,68.4,3.24,Not Employed
S620,22,Male,CSE,4,8.76,90,100,99,47,93,64,87,78,65,95,0,60,5,5,99,7,3,9,6,46,40,51,5,79.55,6.78,Employed
S479,20,Male,IT,4,9.1,68,74,69,75,49,84,55,91,87,81,0,62,2,3,91,7,3,7,6,54,76,51,13,75.0,7.78,Employed
S959,20,Female,AI&DS,4,7.82,91,77,44,36,35,78,61,64,99,78,2,70,5,2,55,6,4,3,5,89,77,37,13,75.65,7.51,Employed
S690,20,Female,Mechanical,3,7.6,98,63,83,78,39,58,83,42,72,65,1,98,4,2,98,5,3,8,4,77,60,50,33,71.45,3.79,Employed
S972,18,Male,EEE,3,9.28,60,99,47,93,42,80,88,57,88,59,2,57,5,2,70,9,6,10,10,51,81,67,1,76.15,6.0,Employed
S118,20,Female,CSE,6,8.49,86,70,43,85,74,86,84,64,89,46,0,40,4,4,54,2,3,,10,68,40,36,40,59.45,0.0,Not Employed
S599,21,Male,ECE,8,5.56,64,100,50,78,74,83,79,89,50,51,4,58,6,6,73,2,5,9,7,44,41,92,13,71.9,3.74,Employed
S700,24,Male,AI&DS,4,5.99,98,74,58,53,90,65,76,42,87,37,4,70,3,4,90,1,7,12,6,97,41,91,61,62.85,0.0,Not Employed
S151,23,Male,Mechanical,8,9.58,87,82,72,73,56,93,82,58,72,47,3,48,5,6,85,2,5,10,1,54,62,63,40,69.2,4.49,Not Employed
S418,22,Male,EEE,8,5.71,65,65,100,74,36,62,88,,85,99,1,60,7,6,72,2,1,5,6,97,87,99,34,82.5,5.3,Employed
S033,24,Male,CSE,1,6.25,64,98,87,71,91,47,69,73,86,69,4,74,8,4,55,9,0,6,5,78,56,38,5,79.05,5.27,Employed
S657,21,Female,EEE,4,9.65,98,97,54,92,68,59,97,39,64,67,3,56,1,5,64,0,3,7,3,65,40,90,31,71.7,3.1,Employed
S220,23,Male,CSE,4,9.65,64,81,71,85,55,41,62,80,80,73,1,72,5,1,90,4,6,0,8,100,57,63,9,73.45,3.3,Employed
S244,22,Male,Mechanical,3,7.64,57,95,64,81,88,49,58,51,52,36,0,81,1,2,96,7,6,2,1,48,81,88,21,58.2,0.0,Not Employed
S908,21,Female,AI&DS,1,5.93,80,68,57,37,52,85,89,46,99,54,1,81,4,5,78,9,4,0,2,97,65,53,26,68.15,3.07,Not Employed
S991,23,Male,EEE,3,9.63,57,65,68,43,72,64,87,44,78,66,4,57,7,4,74,6,2,6,2,55,60,83,9,72.95,4.85,Employed
S322,22,Male,Mechanical,5,7.39,88,95,95,73,75,98,62,36,70,53,3,68,4,5,89,9,7,11,5,96,91,86,35,82.05,7.33,Employed
